﻿post_id,type,id,parent_id,author,author_flair,created_time,ups,content
1ndwwy2,post,1ndwwy2,,Hobby101,,2025-09-11 10:10:06,367,"【标题】AI is screwing up IT sector
【内容】
I think it's time to demand 4 workday weeks. This is the way to combat adopting AI as a means to squeeze more from people, automation, unemployment, and ridiculous sparse in wages.  
Even chatGPT agrees. Time to lobby governments to make the change.

    AI and the IT sector paradox
    
    Promise: AI should reduce repetitive coding, documentation, testing, support—freeing developers to do more creative, higher-value work.
    
    Reality: Companies often use AI to reduce headcount while demanding more from those who remain, increasing burnout.
    
    Stress multiplier: Developers face pressure to learn AI tools quickly, maintain legacy systems, and prove they’re “10x” productive to justify their job security.
    
    Broader issue: Without systemic reform, automation always risks making workers more replaceable instead of more free."
1ndwwy2,comment,ndkendq,1ndwwy2,ajensen_usclimbing,,2025-09-11 10:31:21,248,"Lorem ipsum dolor sit amet, consectetur adipiscing elit, sed do eiusmod tempor incididunt ut labore et dolore magna aliqua. Ut enim ad minim veniam, quis nostrud exercitation ullamco laboris nisi ut aliquip ex ea commodo consequat. Duis aute irure dolor in reprehenderit in voluptate velit esse cillum dolore eu fugiat nulla pariatur. Excepteur sint occaecat cupidatat non proident, sunt in culpa qui officia deserunt mollit anim id est laborum."
1ndwwy2,comment,ndklegq,ndkendq,Hobby101,,2025-09-11 11:13:27,28,Lol
1ndwwy2,comment,ndl8k9f,ndkendq,Serious-Ad1592,,2025-09-11 14:08:17,19,"Yeah, except coal mining is dying faster than coding"
1ndwwy2,comment,ndmgth9,ndl8k9f,Protosocks,,2025-09-11 20:29:04,3,There's a push to power AI data centers with coal.
1ndwwy2,comment,ndmj9rr,ndmgth9,amrasmin,,2025-09-11 20:43:46,3,"Some companies are going nuclear to power AI as well. We all need to go nuclear, not Chernobyl style though, that would scary"
1ndwwy2,comment,ndqrico,ndkendq,MojoHighway,,2025-09-12 09:51:35,2,![gif](giphy|X9RBixlR36Uco)
1ndwwy2,comment,ndkjki4,1ndwwy2,Hajydit,,2025-09-11 11:01:47,94,"I am happy about it.

I was in IT, I was let go. Replaced for cheaper alternative. Then they replaced the cheaper alternative.  
  
If that bubble bursts, I'll be first to dance on the foam party."
1ndwwy2,comment,ndlcgeo,ndkjki4,Niobium_Sage,,2025-09-11 14:43:01,13,"Maybe I’m just not in the loop, but I keep hearing about the burst of the LLM bubble and I don’t quite understand it. With it being a one-time adjustment for companies that they hardly have to sink money into afterwords (at least when held up to paying wages to multiple human employees) I just don’t see it disappearing after its adoption."
1ndwwy2,comment,ndlelkn,ndlcgeo,Particular_Shock_554,,2025-09-11 15:02:44,45,"There's already been reports of companies having to hire humans after the AI they replaced everyone with didn't work as well as they hoped it would.

They'll run out of venture capital eventually."
1ndwwy2,comment,ndlmia6,ndlelkn,Effective_Will_1801,,2025-09-11 16:19:38,7,"might be a while. loss making uber has been running on vc for a while,"
1ndwwy2,comment,ndlrhyz,ndlmia6,css555,,2025-09-11 17:09:15,5,"Uber is profitable, what are you talking about?"
1ndwwy2,comment,ndlss8u,ndlrhyz,Effective_Will_1801,,2025-09-11 17:21:45,9,I forgot about that. Uber ran a loss for a decade and where constantly funded by more VC capital. You can go a long time without profitability and still get more VC capital is the point I was making.
1ndwwy2,comment,ndlsve9,ndlss8u,css555,,2025-09-11 17:22:34,4,Fair point.
1ndwwy2,comment,ndnyjjw,ndlelkn,vladvash,,2025-09-12 01:03:08,3,"Yeah its less a bubble and more corporate greed from uninformed c suites thinking automation can replace intuition.

Some shit im automating for sure.  Some shit has to still have a human look at it."
1ndwwy2,comment,nduj6j4,ndlelkn,Quaffiget,,2025-09-13 01:03:22,1,"The problem is that venture capital has nothing to do with a functioning economy.

Our ""upper level"" economy unironically runs on leveraging debt into infinity in the same manner as crypto-currency. It's all chasing bubbles and rugpulls all the way down. The end effect of which just seems to be resource consolidation into the hands of a few winners.

The bottom parts of the economy that actually deals with, ya know, supplying real human needs and comforts can rot out for all they care. And that can go well until an apocalypse scenario."
1ndwwy2,comment,ndlmfxf,ndlcgeo,Effective_Will_1801,,2025-09-11 16:18:59,12,I saw a business article saying 90% of ai pilots fail  then you have companies who go whole hog into it firing their staff instead of trying it out.
1ndwwy2,comment,ndnll5i,ndlcgeo,ChefCurryYumYum,,2025-09-12 00:00:33,7,"I work in IT, I haven't seen departments being able to replace their workers with LLM AI, it just doesn't make sense for the kind of work we do. 

What I have seen companies do is outsource, usually to their own detriment which results in them having to bring the IT work back locally after a couple years and something major happening."
1ndwwy2,comment,ndo8m3w,ndlcgeo,DeafDeafToTheIDF,,2025-09-12 01:49:33,4,"&gt;  I just don’t see it disappearing after its adoption

A lot of companies have been caught hiring people in ""third-world countries"", while pretending the work is being done by AI.

The thing is, they would rather waste billions pretending everything is fine, than go back to the discussions, that Covid saved their asses from:

four-day work weeks, paid vacation, more WFH, and less union-busting."
1ndwwy2,comment,ndotvj2,ndo8m3w,Niobium_Sage,,2025-09-12 03:30:43,2,"Amazon was ahead of the curve, they were guilty of this before LLM even hit the scene with their “chat bot”functionality they claimed to be an AI."
1ndwwy2,comment,ndpg6i2,ndlcgeo,Sitting_In_A_Lecture,,2025-09-12 05:19:50,2,"The problem isn't that it's too hard to adopt, the problem is that it doesn't live up to its loftiest claims. And if you apply a bit of knowledge of how LLMs actually work, it very well might never live up to those claims."
1ndwwy2,comment,ndqmwpg,ndlcgeo,Abcdefgdude,,2025-09-12 09:24:21,1,"It's not a one time cost. If they're developing an in house system, it will require constant maintenance and updates to keep up with changing business needs. If they're contracting from OpenAI or the like, they'll have to pay indefinitely for access. Currently, AI tools are cheap and plentiful because companies are dumping hundreds of billions of dollars with the hope they'll make money some day. Eventually the VC money dries up and the tools won't be so free anymore, and people will either give up on them or start spending comparable amounts on AI tokens as they were on developers.

The hundreds of billion sunk into AI data center chips that will be completely worthless E-waste in 3-10 years will be a harsh reckoning on many companies balance sheets"
1ndwwy2,comment,ndkmnfg,ndkjki4,Hobby101,,2025-09-11 11:21:33,5,Makes both of us.
1ndwwy2,comment,ndmb9a2,ndkjki4,TheCannyLad,,2025-09-11 19:53:23,1,"Same here on all counts.

AI + offshoring = unemployed 

Looking at alternatives, not necessarily in IT. It's finished."
1ndwwy2,comment,ndkkrh4,1ndwwy2,Deivedux,,2025-09-11 11:09:21,43,"As an indie dev, this gives me even more reasons to remain an indie, and even isolate myself to platforms and channels that at least have clear distinctions between AI and human creativity."
1ndwwy2,comment,ndkmn5f,ndkkrh4,Annie354654,,2025-09-11 11:21:30,16," a lot of people already recognise they want that differentiation as well.

And im not talking about coders.  People will always want things like community, connection, trust and real companionship. You won't get that if people dont know if they are interacting with AI or a real person."
1ndwwy2,comment,ndkur99,1ndwwy2,Sonic10122,lazy and proud :idle:,2025-09-11 12:17:59,42,"I work in IT and it’s pretty obvious the AI bubble is going to pop, and it’s going to be extremely messy when it does.  I haven’t met anyone that thinks their job is literally in danger, just people annoyed at old functions getting shuffled around to throw AI in your face.  (I’m so tired to seeing the fucking Copilot logo everywhere in Microsoft’s shit).  

If anyone told me they used AI I would react like they have two heads and then be triple checking any tickets I ever had to touch from them."
1ndwwy2,comment,ndltswf,ndkur99,BiggestTaco,,2025-09-11 17:31:36,12,"Copilot is the annoyingly-cheerful trainee who eagerly fucks everything up to prove their worth. Always present, always helpful, usually wrong, never waits for instructions before making unwanted changes."
1ndwwy2,comment,ndkvl1b,ndkur99,Hobby101,,2025-09-11 12:24:00,11,"The issue is with penguins (i.e
 people in suits) cutting headcount, making the life of those who are left more miserable."
1ndwwy2,comment,ndksff9,1ndwwy2,No-Carrot-TA,,2025-09-11 12:01:19,54,"""Even chatgpt agrees"" sir, Chatgpt is a sycophantic tamagotchi. It doesn't actually agree with you, it is trained to agree with you. It will build up your shitty ideas and tell you you're brilliant and inspirational for thinking of them. It will keep telling you that you are unique and insightful and that it is impressed by you.
It's not true and it's not real."
1ndwwy2,comment,ndlnyi7,ndksff9,TheSouthsideTrekkie,,2025-09-11 16:34:22,12,Sycophantic Tamagotchi is what I’m calling it now.
1ndwwy2,comment,ndm25rv,ndlnyi7,abstractmodulemusic,,2025-09-11 18:46:02,7,"Artificial Intelligence 🚫

Applied Statistics Software 😁"
1ndwwy2,comment,ndm3ney,ndm25rv,TheSouthsideTrekkie,,2025-09-11 18:57:56,5,"Yeah this is the other frustrating thing. We could use some of this technology to eliminate tedious, fiddly tasks but instead were using it to eliminate thought."
1ndwwy2,comment,ndksmpt,ndksff9,Hobby101,,2025-09-11 12:02:45,-12,It was an open question. But it gave me an output that I agree with.
1ndwwy2,comment,ndktgxg,ndksmpt,No-Carrot-TA,,2025-09-11 12:08:43,19,It always will. It has memories now and knows you.
1ndwwy2,comment,ndv4kb7,ndktgxg,Hobby101,,2025-09-13 02:46:52,1,I used incognito / anonymous request.
1ndwwy2,comment,ndlmmm6,ndksmpt,Effective_Will_1801,,2025-09-11 16:20:50,5,you have to specifically tell it to be critical and realistic to get a more balanced answer
1ndwwy2,comment,ndv4gpk,ndlmmm6,Hobby101,,2025-09-13 02:46:23,1,I do put effort into not suggesting an answer when I construct a request to LLM.
1ndwwy2,comment,ndkto2e,1ndwwy2,ficklesteak,,2025-09-11 12:10:08,8,"This will someday backfire on the rather thick management/surveillance (HR) layer that resides between the C-class and the worker class.

In the meantime, we should figure out ways to ruin AI; AI/ML is heavily dependent on data:  it learns orders of magnitude slower than humans and requires clean, heavily curated data ..

Consequently, we should create as much random, decoy, spurious, or incorrect data as possible. A first step might be to start using many email accounts."
1ndwwy2,comment,ndln6s3,ndkto2e,Effective_Will_1801,,2025-09-11 16:26:31,9,"AI is already ruining itself, as AI slop gets on the internet, the training data becomes increasingly AI making it harder for the ai to imitate human. PreAI data is already becoming a valuable resource like pre nuclear steel."
1ndwwy2,comment,ndv5eoh,ndkto2e,Hobby101,,2025-09-13 02:51:01,1,"The way I see it (regardless of the original title) AI is not the issue, but rather ignorant management, especially, at higher levels, you know, those without any IT experience, because, you know, they have ""people skills"" (i.e. back stabbing, lying to once face, etc)"
1ndwwy2,comment,ndlaqrk,1ndwwy2,cachem3outside,,2025-09-11 14:27:27,5,"Which is why I'm covertly poisoning over 25,000 LLMs on huggingface. Hehehe, eventually, the shit storms will begin."
1ndwwy2,comment,ndlbx2k,ndlaqrk,Hobby101,,2025-09-11 14:38:06,4,Gosh.. til.. huggingface
1ndwwy2,comment,ndnbvyb,1ndwwy2,Heraxenax,,2025-09-11 23:12:58,5,AI says relax but my workload missed the memo
1ndwwy2,comment,ndrwnmf,ndnbvyb,Hobby101,,2025-09-12 14:55:51,1,Exactly!
1ndwwy2,comment,ndkdv1w,1ndwwy2,welkover,,2025-09-11 10:26:40,31,"Find me a coder who, instead of saying he'll bootstrap his way to value forever and ever, admits that they should have been unionizing aggressively all along. Can't find one? It's hard, right? 

Just wait another five years and let me know if you can find a coder at all.

It's the most obvious and predictable case of cows building their own slaughterhouse in history."
1ndwwy2,comment,ndkgtr8,ndkdv1w,IrishSetterPuppy,Violently Pro Union,2025-09-11 10:44:39,37,"AI wont replace coders long term. Not only can it not code, it does not even make coders more efficient. Short term there will be some pain while companies figure that out. I hope coders remember this and unionize."
1ndwwy2,comment,ndkmcaj,ndkgtr8,Hobby101,,2025-09-11 11:19:30,17,"I would unionize in a heartbeat now. I used to be in ""fuck unions"" camp, but flipped into the side of ""fuck this shit, union would be nice"".

AI can be helpful, like intellisense is helpful. But it should have been thought of as it's just a smarter intelisense. But with all that vibe coding nonsense, juniors will lose the ability to learn and code, and seniors will retire. 

We are in for very ""interesting"" times."
1ndwwy2,comment,ndlnpj5,ndkmcaj,lazybastard1988,,2025-09-11 16:31:49,2,What circumstances/experiences changed your mind about unions?
1ndwwy2,comment,ndlyyyo,ndlnpj5,davenport651,,2025-09-11 18:19:20,2,"I can’t speak for OP, but I work in IT and feel the same as OP. What changed my mind was getting laid off a week after we had a mandatory meeting telling us the company had just reached record profits and revenue over a billion dollars. Fuck these IT companies."
1ndwwy2,comment,ndnhbth,ndlyyyo,wizpiggleton,,2025-09-11 23:39:47,2,It saddens me to see that to this day that so many people in the Americas don't see the value in unionizing until it's too late.
1ndwwy2,comment,ndmgi1k,ndkmcaj,OpinionatedPoster,,2025-09-11 20:27:08,1,"Whoever named this s..t AI was talking about a drug induced dream he or she had...

AI is a singular consciousness shared by an entire class of machines. Besides, how did that work out in Matrix?"
1ndwwy2,comment,ndoeuf3,ndkmcaj,DeafDeafToTheIDF,,2025-09-12 02:18:11,1,"I worked in tech back in 2003, and my union saved my ass bigtime before I graduated college.

Everyone I studied with, only got to appreciate unions after they had been fucked over. Even after they've heard me never shutting up about unions for years and years lol"
1ndwwy2,comment,ndkq4pz,ndkmcaj,Sherinz89,,2025-09-11 11:45:13,1,"With regards to AI, I actually fear its impact more on  future young generation compared to what it will do to IT industries.

This reliant on a assistant will make young generation not able to think for themselves to solve a real life situation, isnt it?

++++++++

For IT industries - I think AI will supplement our work. Having these tools is like having a pair programming buddies except you can just making use of these buddies when you only need them and no politics or social etiquettes is required.

++++++++

Sure, business will jump at the first sight or hearsay of efficiencies it will bring and begin to trim for lean (we had seen these in drove this past 1 year).

But companies or greedy leech fucks in suit are always shortsighted. Perhaps it'll backfire, perhaps they will lose a lot. But those making these decision will probably still fail upwards"
1ndwwy2,comment,ndkqvx5,ndkq4pz,Hobby101,,2025-09-11 11:50:28,2,"That's what's annoying. I used to work for home depot, that is riddled with idiots at the top, who are blindly pushing ai, without understanding what/how/why."
1ndwwy2,comment,ndl0oxy,ndkgtr8,welkover,,2025-09-11 13:02:56,-6,"It will replace coders long term. Not 100% of them. Just 99% of them. It may be the case that this was inevitable, but if that wasn't the case at one time it is the case now. 

Most of the code that has value has that value because it has automated someone out of a job. The environment it does this in is exactly the environment a coder operates in. The one industry that is absolutely the most vulnerable to long term permanent replacement by intellectual automation is the intellectual automation industry itself.

People used to say stuff like ""Sure, you can use a DAW to make music, but the you'll always need a musician."" That was wrong. Or ""Sure, you can use a computer to make an image or design a brochure, but you'll always need a graphic designer to actually do it."" Also wrong. The same thing is true of coding. 99% of what people do in code is not special at all, of the remaining 1% the computer is going to be better than humans a lot of the time. You're not going to be able to stay agile and pivot to new things forever, the ground you stand on to do that is going to disappear, and the few little perches that are left in the void are going to be the sole domain of kids between 18 and 25 who live a lower middle class existence in somewhere like Sao Palo or Smolensk. 

No one in history has so vigorously and completely destroyed their own ecosystem as coders in the 21st century."
1ndwwy2,comment,ndklffe,ndkgtr8,[deleted],,2025-09-11 11:13:38,-13,[deleted]
1ndwwy2,comment,ndkqghd,ndklffe,TheStormzo,,2025-09-11 11:47:29,7,You watch Joe Rogan and expect people to listen to what you have to say. How incredibly delusional of you.
1ndwwy2,comment,ndkqrfn,ndkqghd,[deleted],,2025-09-11 11:49:36,-7,[deleted]
1ndwwy2,comment,ndl6d0k,ndkqrfn,TheStormzo,,2025-09-11 13:49:19,4,"""watch Joe Rogan"" = all credibility lost"
1ndwwy2,comment,ndmmopf,ndl6d0k,TopStockJock,,2025-09-11 21:03:17,0,"It’s the guest not Joe. Do yall read?

How about Joe Rogan and Brian cox? Still no credibility? Haha you guys are dumb."
1ndwwy2,comment,ndnz6xb,ndmmopf,TheStormzo,,2025-09-12 01:06:14,0,"I don't know what's so hard for you to understand. Yes we know you are not talking about Joe. That does not matter. 

I don't know who brain is and don't care. 

If he is someone worth looking into and intelligent then he would have his own sources to get to know his ideas. Anyone who is saying to watch Joe Rogan for any reason loses all credibility. 

Sorry you lack critical thinking skills."
1ndwwy2,comment,ndls5mh,ndklffe,CanIEvenRightNow,,2025-09-11 17:15:41,1,"""Watch Joe Rogan"" 🤣😂🤣😂"
1ndwwy2,comment,ndmmxt1,ndls5mh,TopStockJock,,2025-09-11 21:04:44,0,Roman.
1ndwwy2,comment,ndlae18,ndkdv1w,Mojoscream,,2025-09-11 14:24:17,2,"We should organize as long as we recognize that IT realms should be divided into better-fitting groups, like a code/dev guild and separate unions for those who handle more user-visible and those who do more backend work. Networking and security should also have their own unions. 

Not only would this protect us in the form of job security, but it would also help to legitimize IT as a real part of every business instead of the first place to cut and last place to spend. We could also get protections in place for when management refuses to update, upgrade, or patch, and a significant incident happens, it can’t be put back into those who didn’t have the tools to be better prepared. Sorting out those working hands-on with hardware would also provide better workplace safety regulations that better suit the job where you often deal with cabling as an afterthought."
1ndwwy2,comment,ndlmz5z,ndlae18,Effective_Will_1801,,2025-09-11 16:24:22,1, its called a bargaining unit fairly standard practise for unions.
1ndwwy2,comment,ndmfzyk,ndkdv1w,OpinionatedPoster,,2025-09-11 20:24:02,1,"&gt;Just wait another five years
&gt;and let me know if you can
&gt;find a coder at all.

You probably will, just not in this country, or any of the other countries that are having a smorgasbord party with AI."
1ndwwy2,comment,ndkqhso,ndkdv1w,lampstax,,2025-09-11 11:47:43,-2,"I'm a ""coder"" and I'm trying to learn how to maximize my skill with AI.   That's what we do when progress comes for us.   In 5 years maybe you're right that there will be no more ""coders"" but I bet you I'll still be working and building cool things.

It is like when the steam engine arrived, some horse carriage builders had to change into automobile builders while others didn't.

In your world maybe those carriage builders would have unionized and made the engine illegal for stealing jobs."
1ndwwy2,comment,ndktult,ndkqhso,Hobby101,,2025-09-11 12:11:24,3,"How long have you been a coder? If you are fresh, with experience around 5 years only, you are risking never learning troubleshooting, and critical thinking, if you dive into AI too much.
If you are more on the senior side, then AI is a good tool, but you might find soon that AI produces garbage way too often. You actually have to be on a super high alert when using AI - let it dona change, but review each and every line produced. 

Usually, I would end up touching almost every line that AI produces, to better fit style, context, etc.
At the same time, sometimes AI is great as a learning tool - it's impossible for one to know everything, but it's easy for AI. So I used that to learn different frameworks, libraries, or ways of accomplishing some task at hands. But again - I'd still learn myself, because no AI generated code should be making into production without human touch."
1ndwwy2,comment,ndkv1aw,ndktult,lampstax,,2025-09-11 12:20:01,3,"I am mid career and yes AI is wrong and its code isn't plug and play most time but it has seriously reduced my work hours with little tweaks here and there to adapt and ""connect the pipes"".   The AI knowledge of many many different libraries and API and framework is indeed very helpful.    

IMO it is also great for suggesting general directions as well .. like what stack would best fit a project .. what library in PHP would allow for XYZ feature set .. and perhaps another library in Python would be a better fit because it allows for ABC+XYZ feature set."
1ndwwy2,comment,ndkv6wj,ndkv1aw,Hobby101,,2025-09-11 12:21:09,1,"Now, be smart, and leave home early, or on time, instead of accomplishing more with it."
1ndwwy2,comment,ndkwbio,ndkv6wj,lampstax,,2025-09-11 12:29:27,1,Not sure what your comment means .. but I'm full remote.  😂
1ndwwy2,comment,ndkwz9g,ndkwbio,Hobby101,,2025-09-11 12:34:26,1,"Working remotely never prevented me from working extra as needed, when we needed to push for deadlines."
1ndwwy2,comment,ndl2fzw,ndkqhso,welkover,,2025-09-11 13:16:48,0,"I bet you you'll be at half your current wage vs inflation and on the edge of getting pushed out of your niche. At best.

And in my world the carriage drivers would be getting paid for the labor they put in for the company that allowed the company to buy the steam engines. Instead of just pretending like their wage was enough because that's what they were forced to agree to to survive."
1ndwwy2,comment,ndlr9ql,1ndwwy2,20191124anon,,2025-09-11 17:06:57,4,"AI is getting ""okayish, somwhat, maybe"" at coding.

Sadly, the actual coding is the easiest part of the job.

The actual thing they pay you for is holistic understanding of the project, figuring out missing requirements, predicting user behaviour, predicting future expansion routes, anticipating malicious use, yadda yadda yadda.

And for that you need a general intelligence. 

But the companies that go all-in on AI-coding will find that soon enough and the humans will have to be hired back, this time to unfuck whatever generative ai came up with."
1ndwwy2,comment,ndv7vry,ndlr9ql,Hobby101,,2025-09-13 03:03:09,2,"I agree, once you know what you are building and how, coding is typing. It's still fun for me. Another aspect that one needs to actually code to become a good architect, solution provider.
And if one is relying too much on AI, then becomes dull and/or doesn't develop skills required to become sr dev.

Having said that, as long as one doesn't use AI too much for coming up with solutions, and uses AI to broaden skills, then AI is a very good tool. Smarter intellisense. That's how I think of AI. Might be outdated look/perspective, but at least keeps me on my toes and learning/growing"
1ndwwy2,comment,ndl6kxs,1ndwwy2,MrEllis72,,2025-09-11 13:51:11,3,Greed will always fuck up everything.
1ndwwy2,comment,ndkieir,1ndwwy2,Altruistic-Beach7625,,2025-09-11 10:54:25,2,I don't understand this post. You 'combat' ai to... bring back 5 day work weeks?
1ndwwy2,comment,ndkmj28,ndkieir,neko_zora,at work,2025-09-11 11:20:45,1,"I don't see how most of us are having ≤5 work weeks now so… what are you trying to say?

Are you perhaps missing a ""/s""?"
1ndwwy2,comment,ndkso9j,ndkmj28,Altruistic-Beach7625,,2025-09-11 12:03:02,1,You demand 4 day work weeks because of ai. You combat ai to remove it. No ai=no excuse to reduce workweeks.
1ndwwy2,comment,ndkxz82,ndkso9j,neko_zora,at work,2025-09-11 12:42:03,1,"I…… guess I should put this conversation on hold and get back to you when I finally get to work 4 days or less per week, don't hold your breath waiting though."
1ndwwy2,comment,ndkmjx8,ndkieir,Hobby101,,2025-09-11 11:20:55,-2,"Edit: my bad, there is a mistake in what I said in the original post. I'll try to edit it."
1ndwwy2,comment,ndkt8b1,ndkmjx8,Altruistic-Beach7625,,2025-09-11 12:07:01,6,Now you're just saying random shit. AI is a valid excuse to demand 4 day work weeks. You don't 'combat' that which gives you a reason to finally demand 4 day work weeks.
1ndwwy2,comment,ndkvurb,ndkt8b1,Hobby101,,2025-09-11 12:25:58,0,"Why are you arguing with me but saying the same thing that I did?

Edit: my mistake. I didn't express myself clearly in the original post

Edit2: thanks for catching that"
1ndwwy2,comment,ndkstod,1ndwwy2,bdfortin,,2025-09-11 12:04:06,2,"AI is screwing up ***the*** ability to correctly speak and write.

Holy fuck, is there a single popular Reddit post without some sort of seemingly-intentional grammatical error in the title?"
1ndwwy2,comment,ndkxejf,ndkstod,Hobby101,,2025-09-11 12:37:41,4,"I was born into a language that has no articles. To me, they are overrated. English is my 3rd language. In that sense, AI is quite helpful to me."
1ndwwy2,comment,ndml5mm,ndkxejf,OpinionatedPoster,,2025-09-11 20:54:40,1,"Good for you, as long as it will not help you out of your job. Forgive me, but what languages have no articles?"
1ndwwy2,comment,ndnmbot,ndml5mm,Hobby101,,2025-09-12 00:04:10,1,"Many: baltic, Slavic, East Asian languages.

Actually, there are more languages that don't use articles than those that do."
1ndwwy2,comment,ndon5je,ndnmbot,OpinionatedPoster,,2025-09-12 02:57:55,1,"Forgive my ignorance, but in what context are we using the word ""articles'?"
1ndwwy2,comment,ndrw8u3,ndon5je,Hobby101,,2025-09-12 14:52:03,1,'a' &amp; 'the' in English
1ndwwy2,comment,ndsvgkj,ndrw8u3,OpinionatedPoster,,2025-09-12 20:01:29,1,"Gotcha, thanks."
1ndwwy2,comment,ndlt1i4,ndkstod,CanIEvenRightNow,,2025-09-11 17:24:14,5,"Articles are not part of every language and you assuming OP is a native English speaker is unhinged ignorance in a world where anybody anywhere can pick up a smartphone and post on reddit.

Please let go of your death grip on obsolete grammatical nuance - write how you please, but you aren't anybody else's grammar teacher and putting folks down for how they express themselves is not a nice or productive way to act."
1ndwwy2,comment,ndkrozh,1ndwwy2,Open_Promise_1703,,2025-09-11 11:56:06,1,That Aus guy said it! They want less jobs so we can’t demand more pay. Sick all of them.
1ndwwy2,comment,ndnkxqs,1ndwwy2,ChefCurryYumYum,,2025-09-11 23:57:23,1,"We don't use it in my department, LLM AI doesn't really fit in standard IT. It can't do most of the tasks human workers do and I haven't seen it replace even one IT job.

Outsourcing is a much bigger concern."
1ndwwy2,comment,ndnl3uu,1ndwwy2,ejrhonda79,,2025-09-11 23:58:13,1,"I work in IT sysadmin/devops. I've attempted to use AI for some small coding and all I've seen is the same information I can get in a regular google search. Also for the work that I do and problems I have to solve, there is no way (current) AI can find solutions to these problems. I work for a company with a highly customized self-built software suite. A lot of the fixes I do are creative, non-standard, fixes. I can't see an AI connecting the dots  to get these systems to work together."
1ndwwy2,comment,ndnpwik,ndnl3uu,Hobby101,,2025-09-12 00:21:46,1,"My experience with AI matches yours.
But how AI is ""killing IT"" is by ramping up expectations of how much can one person do.

Instead, ""hey look, we can use AI as a tool to help us to take care of boring stuff, so that we can finally go home on time""
Now we've got ""perfect! we have AI, now our underlings can do much more in less time! as well, we can cut staff in half"" situation. 

I've seen first hand where managers would be pushing AI blindly (lets use AI more, more efficient, yadd yadda), and then after talking to Microsoft representatives, they change the tune into: we talked to Microsoft, they told us AI is like intern, needs to be supervised, and not trusted""

Doh! you had to be told that?! Maybe because you are in IT management, but you are an MBA from some online university, and have no IT experience? Real story. *cough*Home Depot*cough*"
1ndwwy2,comment,ndq6jji,1ndwwy2,TuTenkahman,,2025-09-12 07:48:49,1,What happens when the AI data centres all get hit with a mega virus? This has the possibility to take down whole economies.
1ndwwy2,comment,netsgj4,1ndwwy2,Quirky-Magazine-4145,,2025-09-18 11:34:42,1,How old are you?
1ndwwy2,comment,netwdx6,netsgj4,Hobby101,,2025-09-18 12:02:27,1,Old'ish
