﻿post_id,type,id,parent_id,author,author_flair,created_time,ups,content
1nul52w,post,1nul52w,,6ixthLordJamal,,2025-10-01 02:30:19,280,"【标题】Harsh reality of IT in today’s market.
【内容】
Let me thank everyone that stops to read this. I deeply value the time you’ve put into listening my rant. 

Quick disclosure here, my background consist of IT experience from the Army (25u) with a mixture of Sys Admin and help desk experience. 

As I view the job market and pick out different requirements I’m unsure that anything besides proven work experience will help me progress in this field. 

I’m wrapping up the cloud and network engineering degree from WGU, I got the certs, I’ve gotten my boots wet but I still feel unprepared for anything beyond the help desk. 

I’m curious to know if it’s a realistic expectation to go from the help desk to a network engineer or admin role with help desk experience, the degree and certs. 

Another big thing I’ve noticed is that most companies want you to show up and do. Not many companies seem to have an environment that’s offering mentorship / teachings for people coming into the role. 

Thoughts?

TLDR: I hold the following certs, and soon a BS in Cloud and Network Engineering. Is it a realistic to jump from help desk to a Network / Engineer role with a combination of the 3. Admin/helpdesk experience, the degree and certs?

Needless to say. I’ll get to where I’m going eventually. 

Certifications:

CompTia
A+
Network+
Security+
Cloud+
Linux+ (started but may not complete)

ITILv4 Foundation 
Linux LPI Essentials

AZ-900  exam booked 
AZ-700 scheduled for next year 
CCNA scheduled for next summer 

"
1nul52w,comment,nh3i6s2,1nul52w,Hospital-Sudden,,2025-10-01 07:32:41,171,"Bro literally nobody is prepared, we just google it and do it (and hope for the best sometimes) on the go. You will never be prepared. School is over, there’s no system to help you “gain experience” or prepare for a more important job. You’re on your own now. My advice is to buy a youtube premium subscription to skip the ads when you’re watching tutorials"
1nul52w,comment,nh3y43y,nh3i6s2,DarkChance20,,2025-10-01 09:06:05,15,"&gt;there’s no system to help you “gain experience” or prepare for a more important job.

actually, i think they're called MSPs. lolll"
1nul52w,comment,ni4jr9n,nh3y43y,Paradox_81,,2025-10-07 03:57:41,1,Do you feel working at an MSP gave you experience for working other jobs? I guess it could be seen as trial by fire?
1nul52w,comment,nh3j1ns,nh3i6s2,6ixthLordJamal,,2025-10-01 07:37:42,34,"You know that’s the core army mentality that I have. 

My philosophy is you want to accomplish something, you must first be bad, with experience you can become good but to become great you must fail until it’s no longer an option."
1nul52w,comment,nh808x6,nh3j1ns,Unseen_Cereal,,2025-10-02 01:40:13,12,Is this an army chatbot? C'mon I'm a vet and would never talk like this lol.
1nul52w,comment,nh80zk1,nh808x6,6ixthLordJamal,,2025-10-02 01:43:47,-3,I’m sorry do troops join as Air Borne rangers or do we train and develop them?
1nul52w,comment,nh825ua,nh80zk1,Unseen_Cereal,,2025-10-02 01:49:20,6,"I'm just poking fun at the way you're talking, not much deeper than that"
1nul52w,comment,nh82ap4,nh825ua,6ixthLordJamal,,2025-10-02 01:49:58,1,Haha no worries. You know 25 series is a special group of people.
1nul52w,comment,nhcamwf,nh80zk1,No-Cycle-5496,,2025-10-02 18:33:03,3,"No vet would ever write ""Air Borne ranger"""
1nul52w,comment,nh59pc5,nh3i6s2,CriminallyCasual7,,2025-10-01 14:57:38,11,"That's not entirely true. Certifications do help you prepare. I agree that nothing beats experience, but certifications are useful."
1nul52w,comment,nh7klpi,nh3i6s2,Last-Crow8343,,2025-10-02 00:25:05,8,Screw the YouTube premium get Mozilla Firefox and use uBlock
1nul52w,comment,nh8mq9q,nh7klpi,wavvvygravvvy,,2025-10-02 03:28:27,7,wild someone in IT suggested yt premium. between browser extensions and a pihole i haven’t seen a youtube ad in years except on mobile.
1nul52w,comment,nh96qra,nh8mq9q,KN4SKY,,2025-10-02 05:02:37,3,Pihole blocks youtube ads? I thought they ran off the same servers and pihole couldn't distinguish between ads and video content.
1nul52w,comment,nh9bons,nh8mq9q,Hospital-Sudden,,2025-10-02 05:27:16,1,"I always watch videos on my iPhone all the time specially when watching tutorials, I know you can download ad blockers but the convenience of paying for premium outweighs doing all of that, plus it comes with free music, so I stopped paying for Spotify"
1nul52w,comment,nhg7269,nh9bons,Grannyjewel,,2025-10-03 06:56:03,2,Brave is the move in that scenario.
1nul52w,comment,nhd6rlx,nh3i6s2,Chewbuddy13,,2025-10-02 22:00:05,3,"When I started in IT almost 20 years ago I had no degree, no certs, no nothing. I knew a decent amount about standard Windows computers, and knew how to swap out simple hardware stuff. I was an office bitch at a small company and helped the IT guy setup dual monitors for about 50 workstations one day. About a month later I get called to the owners office and told that the IT guy is leaving and recommended me for the job. I actually turned them down, but they told me I'd be fine so I reluctantly  took it.

The IT guys parting words to me were ""Google is your best friend""

For the first year I had no idea what the fuck I was doing, but Google helped me figure it out. I still use it all the time. No one can possibly know everything about everything. I still have imposter syndrome sometimes, because there are many things that I've never worked with. 

I always tell other people that if I can do it, they can. I am not that smart. But I always want to learn. I don't need to remember everything I've done, there are many times that I have to lookup things that I have done before because the last time I did the same thing was a year ago. 

Don't worry, you'll be fine."
1nul52w,comment,nh6k799,nh3i6s2,TheRealLazloFalconi,,2025-10-01 21:22:59,2,This but without YouTube.
1nul52w,comment,nhbdnj7,nh3i6s2,Pack-Street,,2025-10-02 13:10:38,1,Probably same concept for doctors
1nul52w,comment,nhd3q8e,nh3i6s2,Cold-Ad-1368,,2025-10-02 21:44:17,1,I laughed hard on this 🥲
1nul52w,comment,nhioq1l,nh3i6s2,Rude_Boss3081,,2025-10-03 17:53:31,1,"You can use adblock/adblock plus and get the same effect.

I use several types of ad blockers and haven't seen an ad except for what my youtube channels record in person but I can still jump though it."
1nul52w,comment,nh21zko,1nul52w,VA_Network_Nerd,"20+ yrs in Networking, 30+ yrs in IT",2025-10-01 03:03:45,133,"&gt; Another big thing I’ve noticed is that most companies want you to show up and do. Not many companies seem to have an environment that’s offering mentorship / teachings for people coming into the role.

Part of my job responsibilities i to mentor and train other members of staff.  

I am delighted to teach you how and why we do things here.  
I can't wait to teach you about the specialized technology decisions we made to implement the levels of high-availability &amp; redundancy we wanted.  

But I want to layer this training ontop of the fundamental knowledge you walked in the door with.  

I don't want to explain to a new member of the network team what a subnet is or what the difference between static routing and dynamic routing is.  

We absolutely want you to walk in the door ready to perform basic duties.  

But we will also train you to go beyond that. The more you know how to do, the less I have to do myself. I am highly motivated to prepare you to do my job for me."
1nul52w,comment,nh225xy,nh21zko,6ixthLordJamal,,2025-10-01 03:04:37,32,Sign me up!
1nul52w,comment,nh22rce,nh225xy,VA_Network_Nerd,"20+ yrs in Networking, 30+ yrs in IT",2025-10-01 03:07:33,40,Too late. We just hired two more engineers.
1nul52w,comment,nh23b9z,nh22rce,6ixthLordJamal,,2025-10-01 03:10:15,21,🤣🤣 my day will come. I’m glad to know that there are companies that still have mentors.
1nul52w,comment,nh28p4f,nh23b9z,VA_Network_Nerd,"20+ yrs in Networking, 30+ yrs in IT",2025-10-01 03:36:21,29,"&gt; I’m glad to know that there are companies that still have mentors.  

This should be the topic of some questions you ask employers during the interview process.  

*""What is the company's stance on professional development? Will I have access to a training budget?""*  

*""How does the organization handle technical escalations? If I have a problem that I am not able to solve in a timely manner, who can I escalate to?""*  

*""Does the company maintain vendor maintenance on production hardware?""*  

Here in our environment, managers are supposed to budget about $3k per FTE for training / professional development. But we tell staff to think like they have about $5k. This lets things balance out when Henry the Homebody just wants a $900 subscription to online training, while Wally the Worldtraveller finds yet another technology conference in Las Vegas that's going to end up costing $8K total.  

Here in our environment, all network equipment is required to remain under original manufacturer contracted support, and all members of the network team may open tickets for support directly with the vendor.  

You'd be surprised at how many large companies aren't doing those things.  


$3K per FTE for professional development per year, with no obligation that you work for us for an extra year or anything like that.  

How much better can you get at your job if you attend a Cisco or Microsoft or Amazon conference every year?"
1nul52w,comment,nh4j4nv,nh28p4f,pinkycatcher,,2025-10-01 11:16:07,6,"&gt; ""What is the company's stance on professional development? Will I have access to a training budget?"" 

I'm hiring to fill a position after we had a very successful intern this summer I was able to mentor and train. The only reason we have this position is because I've been the only person in the company that I've seen actively mentor someone and train someone beyond day 10 of working here.

Any applicant who asks this question gets bonus points because I want to see than in them. I also give them the full rundown that the company hasn't done much in the past, but I personally will do as much mentoring as I am able, and that my (relatively new) CFO also highly supports training and is working on improving it company wide. 

&gt; You'd be surprised at how many large companies aren't doing those things. 

Small company's too, I've brought this up multiple times with our director and executive level teams that I'm on, and it simply gets ignored and I cannot for the life of me understand why, so many of our problems are because our managers don't want to manage, they simply want to hire and do. 

I took a damn intern and with only an hour a day I was getting him to put out improvements that the company actually felt, what I could do if I had a team like some of these managers around me."
1nul52w,comment,nh31tk0,nh28p4f,6ixthLordJamal,,2025-10-01 05:59:06,2,Sounds great. My company definitely isn’t big enough for that.
1nul52w,comment,nh4vb3o,nh28p4f,letsbebuns,,2025-10-01 12:46:29,1,"Oftentimes it's not the budget for training materials that is the stopper, it's that the team is so busy they ""don't have time"" to train."
1nul52w,comment,nh9cm6g,nh4vb3o,gweaver303,,2025-10-02 05:31:58,1,"Whixh really means "" the work is gwtting done foe rhe staff cost, so why would we add more peopld"
1nul52w,comment,nh6b68z,nh23b9z,antwan2016,,2025-10-01 20:30:19,2,Yea there are definitely ones that mentor I unfortunately when going through my internship for school the one I got they wanted me to learn VB.net but didn’t give me any guidance or resources and wasn’t much when it comes to tutorials online I did eventually figure it out got the project done then they canned my position was my “this is the industry moment” as they told me when informing the coop/internship IT program was being cut
1nul52w,comment,nh2dp2u,nh22rce,TimzyOpe,,2025-10-01 04:00:39,-5,Please can I have a convo with you in your dm. Please 🙏🏾
1nul52w,comment,nh2hx5l,nh2dp2u,VA_Network_Nerd,"20+ yrs in Networking, 30+ yrs in IT",2025-10-01 04:21:00,5,"I prefer to keep conversations public so others can benefit from the exchange, but if you want a private conversation, I'll respond privately."
1nul52w,comment,nh2s95n,1nul52w,General_Ad_4729,,2025-10-01 05:09:56,25,"Former 25B here, been out since 2013. If you excelled at helpdesk and understand how to troubleshoot efficiently then youre not going to have much of an issue transitioning. Certs rarely prepare you for troubleshooting anyways. Try to get into DoD contracting if your clearance is still valid. I have no issues finding jobs in the civilian sector due to my experience within the DoD after I seperated."
1nul52w,comment,nh56w49,nh2s95n,all_it_y87,,2025-10-01 14:30:36,2,"This, similar experience out since 2015. Just about any city with a military presence you'll find a cleared IT job."
1nul52w,comment,nh27xwn,1nul52w,realhawker77,CyberSecurity Sales Director  -ex Netsec Eng,2025-10-01 03:32:36,28,"""but I still feel unprepared for anything beyond the help desk.""  That's why you start there."
1nul52w,comment,nh33kx2,1nul52w,SnooSongs8773,,2025-10-01 06:08:46,28,"You can get a job at an MSP with one big cert (CCNA was mine, but if I could do it again I’d start with RHCSA, since I don’t like route switch). MSPs are shit shows but you will gain a lot of experience fast because they tend to throw anything and everything at you. Gain experience and more well respected certs, go out of your way to add value and start projects (set up automated Ansible backups for networking equipment for example). Once the job market improves run to something much better.  

That’s the formula I used to go from $14/hr to well over $100k in 3 years. Im fully remote, paid to watch YouTube, post on Reddit, and study certs for 4-7 hours a day. Don’t give up you can do it. "
1nul52w,comment,nh48t87,nh33kx2,ThaDonKilluminati,,2025-10-01 10:09:31,2,Why would you do RHCSA over CCNA?
1nul52w,comment,nh4btr1,nh48t87,SnooSongs8773,,2025-10-01 10:28:09,10,I wasted my time in networking roles when I knew I wanted cloud roles. You need Linux skills to work in cloud. 
1nul52w,comment,nh663qm,nh4btr1,ts0083,,2025-10-01 19:57:34,7,"Also, Linux skills allow you to transition to cybersecurity quicker. Most large IT departments I’ve worked at had a dedicated Linux team and was paid more than other IT departments."
1nul52w,comment,nh6i68z,nh4btr1,ibukiq,,2025-10-01 21:11:30,5,What certs did you get in your 3 years?
1nul52w,comment,nhd609a,nh6i68z,SnooSongs8773,,2025-10-02 21:56:11,3,"CCNA, RHCSA, AWS SAA, AZ104, CKA. This might not be best for everybody but it worked well for me. Really depends what you want to work on. "
1nul52w,comment,nhb3gi3,nh4btr1,eman0821,System Administrator,2025-10-02 11:49:21,1,"A RHCSA isn't really needed esp Cloud. Half the stuff covered is over kill that you aren't going to use in AWS, Azure or GCP. I don't don't have a single cert as I work in Cloud myself. Plus not every company uses Red Hat. A lot of companies use Ubuntu, Debian, Oracle, or Rocky Linux..."
1nul52w,comment,nhd2rj8,nhb3gi3,SnooSongs8773,,2025-10-02 21:39:12,1,"Yeah I agree, it’s overkill for cloud. A lot of my coworkers have LPI. RHCSA is good to get something more entry level before cloud though. For someone with little to no experience in IT, it is a very strong cert to have on a resume that will open a lot of doors. It got me interviews with Fortune 500 companies. 

The reasons I went with RHCSA: 1) It was useful to the job I had before cloud. 2) it is the most respected associate level Linux cert period. 3) It is lab/performance based. 

My first cloud job was impressed by my RHCSA during interviews. Also Linux distros are very similar so the skills carryover, btw Rocky is a fork of Rhel…."
1nul52w,comment,nhd80mu,nhd2rj8,eman0821,System Administrator,2025-10-02 22:06:27,1,"Rocky is Not exactly a one to one RHEL clone. That changed after Red Hat pay walled their sourced code as closed source with a required subscription. I would only get the RHCSA if you support a RHEL environment. Most folks get their RHCSA after they had at least a couple years of experience working as a Linux Sysadmin, not the other way around. I use to work with Red Hat but not anymore that's Debian/Ubuntu. A lot of public Cloud have their own golden images that you can spin up. In Cloud, there is a lot of building and destroying rather than maintaining an existing VM or Kubernetes clusters."
1nul52w,comment,nhdi471,nhd80mu,SnooSongs8773,,2025-10-02 22:56:05,1,"Anyone with an RHCSA can work on Debian or other Linux distros no problem. 80-90% of tasks are the same or extremely similar. 

Sure if you think you can 100% jump straight to cloud then LPI and a CKA is better. But if you have little to no experience RHCSA gives you more options.  Like it or not but certs get people’s resumes noticed which leads to more interviews. Yes some of the information is “overkill”, but who cares if it doubles your salary and provides job security. "
1nul52w,comment,nhdxfgy,nhdi471,eman0821,System Administrator,2025-10-03 00:10:13,1,It's generally isn't necessary to have a RHCSA. All I had was a homelab which helped me support RHEL in my previous role. A homelab goes a long ways.
1nul52w,comment,nh33q2a,nh33kx2,6ixthLordJamal,,2025-10-01 06:09:34,1,That’s sick !
1nul52w,comment,nhnvnml,nh33q2a,Nightowl400,,2025-10-04 11:46:14,1,Thats sick bro. OP is 17 atleast
1nul52w,comment,nh3w3yu,nh33kx2,Jacksparrowl03,,2025-10-01 08:54:26,1,That’s my goal
1nul52w,comment,nh2uxlh,1nul52w,No-Turnover3316,,2025-10-01 05:23:20,9,"I just started as a Junior Network Engineer at a small MSP managing around 120 clients. I get paid much, much lower than the average pay. I'm also expected to answer support called from 8am to 7pm every day, which I don't get overtime or on-call allowance for. But hey, it's a title on the resume and it will help me get into the job market.   
Mostly dealing with Proxmox, mikrotik, omada and unfii. The company has a very old school way of doing captive portals and network management and I'm the only one in the company that knows tech, so it's been interesting to say the least."
1nul52w,comment,nh31jns,nh2uxlh,6ixthLordJamal,,2025-10-01 05:57:37,3,Oh I do enjoy some promox
1nul52w,comment,nh38imu,nh31jns,No-Turnover3316,,2025-10-01 06:36:47,3,"In this case it's completely unnecessary and frustrating when they want to replace it with another proxmox instead of replacing it with an omada or unifi gateway. When I asked them why they use proxmox he doesn't actually know what it does, it's just running openwrt. 
I've caught myself venting lol"
1nul52w,comment,nh397kz,nh38imu,6ixthLordJamal,,2025-10-01 06:40:49,1,Please share. I’m open to listen as it’ll probably help me at some point.
1nul52w,comment,nh39aod,1nul52w,Additional_Range2573,,2025-10-01 06:41:18,9,"25H here, your best option is recruiters. I started applying on clearance jobs and a recruiter reached out and provided me a job and an interview. The interviewer said to me “I like that you have military background, and I will definitely keep that in mind” 

These gov contractors love military. Who else knows what a TACLANE is and its purpose? Unless you’re military or worked for the military you wouldn’t have a clue, that’s what they’re looking for. Hope this helps

Edit: got the job."
1nul52w,comment,nh3s4ax,1nul52w,jimcrews,,2025-10-01 08:31:03,6,"Not sure how you are defining help desk. If you mean call center, then yes you are above that. You're qualified for local I.T/desktop support but not network engineering. The only way for you to become a network engineer is to be at a company in which you are employed as a local I.T. person. Then when there is a network engineer opening you interview for it and they give you a chance because they know you. 

There are 1000's of unemployed network engineers with tons of experience. They will Trump you every time. 

Not sure what you do now. You didn't really say. But if you are unemployed look for I.T. Support, Desktop Support, or Local I.T. Do everything in your power not to work for a contracting service."
1nul52w,comment,nh3u1yd,nh3s4ax,6ixthLordJamal,,2025-10-01 08:42:27,2,Helpdesk for a firm
1nul52w,comment,nh3vcxp,nh3u1yd,jimcrews,,2025-10-01 08:50:04,4,"If you're with a firm then they are probably not big enough to have a call center, You're what they call ""hybrid I.T."" You're local I.T. that are ""do-all I.T."" You take calls and also go to people's desks. If this is true do not call yourself help desk. Help desk has call center connotations. Call yourself local I.T.

It sounds like your current company doesn't have a career path.

Do everything in your power to make a lateral move to a corporation with a career path. I.T. Support career success has a lot to do with the company you work for."
1nul52w,comment,nh3w0ji,nh3vcxp,6ixthLordJamal,,2025-10-01 08:53:53,3,Very true. My goal is move to a company with solid structure.
1nul52w,comment,nh4n6zw,1nul52w,stedierleiden,,2025-10-01 11:44:36,4,"From what I have seen training and mentorship is a myth. There's no time for either and certs must come from your own time. I have no problem certing up on my own, but the last two companies I worked with provide NO mentorship. Here read this and let me know when you finish. Then you get maybe one paragraph explanation, never to breach the topic again. No debrief, no lab for experimentation. It's great to hear there are some companies who do mentor, I've not encountered them yet."
1nul52w,comment,nh4qs20,nh4n6zw,6ixthLordJamal,,2025-10-01 12:10:37,2,"Pretty much my experience. I do certs for school, a few for myself, then finally some for my job."
1nul52w,comment,nh4udze,1nul52w,EirikAshe,Network Security Senior Engineer,2025-10-01 12:39:00,5,It is unrealistic to expect to walk straight into a network engineer role without real world experience. None of your schooling will truly prepare you for the job. This is coming from anecdotal experience. I would recommend looking at an admin or tech level gig and work towards earning a spot as an engineer. Best of luck!
1nul52w,comment,nh2e6pu,1nul52w,Prior_Brilliant1760,,2025-10-01 04:03:02,3,its simple supply and demand. too many applicants too little open positions. everyone heard about IT and got their certs and what not. now they dont mean shit
1nul52w,comment,nh33yk8,nh2e6pu,6ixthLordJamal,,2025-10-01 06:10:54,1,Not mention CompTia keeps adding unnecessary certs like tech+ and it fundamentals
1nul52w,comment,nh409tv,1nul52w,Geibbitz,,2025-10-01 09:18:38,4,"Honestly, you probably won't ever feel prepared. Just like when you became an NCO and were suddenly in charge of people and had to start making decisions, you just figure it out and make sure your decisions are justifiable and appropriate. You take the the fundamentals you learn and apply them as best you can. Furthermore, just like in the military, ""I don't know"" isn't an excuse to give up. You keep going, you figure it out because it's your job. You won't be perfect, but if you make it work, no one will know or care because they won't think about it unless the system doesn't work."
1nul52w,comment,nh4ie3v,nh409tv,6ixthLordJamal,,2025-10-01 11:11:01,3,Couldn’t have said it better myself.
1nul52w,comment,nh4j4ur,1nul52w,That-Cost-9483,,2025-10-01 11:16:09,4,In networking there is a different title for those that are ready to be hired without mentoring. Just don’t apply for anything that says senior network engineer and you will be fine.
1nul52w,comment,nh2cdb3,1nul52w,cyberguy2369,,2025-10-01 03:54:16,9,"Of course, it depends on the job. What I see a lot, especially on Reddit, is people who want to jump straight into a “cool” cybersecurity or IT role with a flashy title, often with just an online degree and no real experience. The problem is, without that foundation, it’s hard to succeed or even understand what you’re doing day-to-day.

Mentorship does exist in some jobs, but those roles usually aren’t glamorous. They’re often entry-level positions where you have to grind through the basics. Personally, I’m glad I started that way: first on a help desk, then moving into desktop support, then into servers and network infrastructure. It took years, but I needed those years to build the foundation that I still rely on today."
1nul52w,comment,nh4j5z7,1nul52w,Jcob1996,,2025-10-01 11:16:22,3,"You shouldn’t have any issues getting a job, especially with a security clearance. The biggest factor in being successful is the willingness to move. Tons of opportunities around the DC area if you’re willing to be there. Hell, I got a sys admin job opportunity sent my way in bum fuck Iowa for $120k (makes sense why they had issues filling it, because who would want to move to Iowa) 

I was a 25B with helpdesk experience and home lab as a hobby. I ETSed and went back to school because I had two semesters left for my undergraduate. 

I decided to focus on school and work and the computer repair shop I worked at prior to the Army. 6 months prior to this, I went hard into applying for jobs. Set up the LinkedIn, set up clearancejobs account, joined the Signal Jobs Facebook group, and even submitted my resume to TEKSystems so they had it on file. 4 months into school, I get a call from TEKSystems about a sys admin role. I interview and get the job. Plus it actually pays the bills! My team is pretty great and they’ve been willing to teach me and help me out. Not all places just throw you to the wolves. 

And this was all with A+, NET+, and SEC+. Basic ass certs and my Army job experience. 


Start building your personal network now. If anything, post your LinkedIn on the Signal Jobs Facebook group."
1nul52w,comment,nh4lh4r,nh4j5z7,6ixthLordJamal,,2025-10-01 11:32:32,1,I love that for you brother.
1nul52w,comment,nh4knxz,1nul52w,coffeesippingbastard,Cloud SWE Manager,2025-10-01 11:26:43,3,"&gt;Another big thing I’ve noticed is that most companies want you to show up and do. Not many companies seem to have an environment that’s offering mentorship / teachings for people coming into the role.

I'm very happy to put you into a position to learn- but it can't come at the expense of someone having to hold your hand. What we typically look for is someone who may not have all the immediate knowledge, but has shown that they aren't helpless when put in a situation where they don't know something. Don't know terraform? Do not expect someone to walk you through how the syntax works. Shitty implementations are fine, that's what code reviews are for. 

A good onboarding regime, walk through, should be able to get most people at least in a position to ask the right questions. Mentorship is often more long term thinking, strategic process to your career- not tactical ""here's how to do xyz"""
1nul52w,comment,nh4ljjn,nh4knxz,6ixthLordJamal,,2025-10-01 11:33:01,1,Yes. I’d be open to that.
1nul52w,comment,nh4lsw0,nh4ljjn,coffeesippingbastard,Cloud SWE Manager,2025-10-01 11:34:52,2,I think that's generally what mentoring is for the industry.
1nul52w,comment,nh5xxp3,1nul52w,newsquish,,2025-10-01 18:57:40,3,"I’m a WGU graduate in business and here’s what I try to remind myself. Has my degree helped me get a $75,000+/yr job? Not yet. 

But sooo many jobs around me are minimum wage TRASH. $15.50/hr GTFO of here. Having the piece of paper has at LEAST opened doors for $20-$25/hr jobs and to me that’s worth the $8k and time I spent on it. It keeps you from having to scrape the very bottom of the barrel of the job market. 🤮"
1nul52w,comment,nh5z6tv,1nul52w,renny7,,2025-10-01 19:07:41,3,"I think it depends on what you’re doing/have done in your help desk position. My first position was “desktop support” but after a couple years I was doing networking, firewall and server work. IT titles can be meaningless and tend to vary greatly. 

I think one of the biggest obstacles you’d have is the current job market seems to be garbage. If you can confidently speak on your knowledge, and projects you’ve done, whether home lab or on the job, I’d say you have a chance to make that leap. The hardest part may be getting the interview. 

Regarding training or mentorship. I’ve only hired for smaller teams, and mostly desktop support, but I always plan to train and mentor people I hire, though I don’t specifically say/talk about that during the interview. If the interviewee has the skills (people skills and the ability to troubleshoot are most important to me), I’m more than happy to train them up on whatever they’re interested in. It benefits me to have others able to do more work. It helps them to either move up, or eventually find a better opportunity, which is great either way. 

I would agree with people suggesting the MSP route. An example tho seems to line up pretty well with your experience… One of their engineers that I’ve worked with many times has less than half my years experience (I think 2 years engineer, 2 desktop support), a ton of certs, no degree, and makes a good amount more than me in a “director” position. Though my “director” tile is a joke to me considering we’re a 2.5 person team 🙄😂. 

Kind of rambling at this point, but lastly, I’ve felt prepared for any job I’ve started. Even when the systems are familiar, they’re always different. Use your base knowledge and google that shit."
1nul52w,comment,nh8giom,1nul52w,ekistler1971,,2025-10-02 02:58:29,3,"I started as helpdesk/desktop when I first got into IT.  I leveraged my interest in programming to move in to a developer position.  Fast forward 20 years and I am a IT Director now.  It’s about results.  If you can get real projects completed on time with requirements met, you will advance and do well.  If you always need someone to walk you through everything, you will not do well."
1nul52w,comment,nharcg4,1nul52w,A_Curious_Cockroach,,2025-10-02 10:27:54,3,Yeah it's absolutely realistic to go from helpdesk to whatever else because that is literally where most IT people start.  Very few people start as a sys admin or start as a network engineer.  That is mostly the main path.
1nul52w,comment,nhnjjk4,1nul52w,badohmbrey,,2025-10-04 10:18:26,3,"I didn't finish college. A few years ago I was a professional chef with very little IT/Technology know how, and zero experience. But what I did have was a burning passion for this stuff and a desire to switch careers.

Fast forward 4 long long years later (well it feels like a lifetime to me at this point lol) and I've been through several low level borderline non paying gigs, one good one that I got fired from for messing up, several startup contractual/consulting gigs in the interim, and now a fully fledged DevSecOps engineer position doing government contract work. I can't express how excited I am to be here. 

I'm expected to know everything and then some... But I'm just thrilled to be in the position. I'll tell ya, everywhere I've been so far, half the people have no idea what they're doing, 40% have a decent handle on thing, and the the rare 10% are rockstars who are just all around gurus at what they do. Find them and lean on em if they're willing. That's what I've done so far. I consider myself to be sometimes in the first half and sometimes in the 40%, depending on the day and the task lol.

It's not about the paper you have or the knowledge you have in any given area. It's about your willingness to take a ""no worries, I'll figure it out"" attitude and be constantly willing to learn learn learn. I feel like these days you are tasked with teaching yourself. But most of all be open to networking constantly. Meet people, talk to family who might know people, go to events, sell yourself and tell your story. Like I said, 4 years ago I was a chef and now I'm tasked with enhancing CICD and security for the government lol. I got there just by meeting people and then one random day someone will call you with an opportunity and you need to always be ready capitalize on it. 

A lot of days I feel like I have no business being where I am, but I looooove what I do and I always seem to figure it out because of that. All people care about is that you deliver.

TL;DR Network, be confident in being able to deliver, don't worry about your lack skills, and did I say network? Yea network like crazy. You'll figure it out, trust me. Most people feel under qualified to be where they are in my experience. If you are passionate and willing to constantly learn and adapt, it will fall into place for you."
1nul52w,comment,ni3frs8,1nul52w,Moist_Leadership_838,🐧 LinuxPath.org Content Creator.,2025-10-07 00:42:00,3,"Certs open doors, but showing real configs and troubleshooting in a homelab or GitHub portfolio is what gets you interviews."
1nul52w,comment,nh3b5j4,1nul52w,Easily0884,,2025-10-01 06:51:58,2,"I was sysadmin and help desk in the AF for 8 years. worked help desk and a little cloud stuff at a civilian job.  i also applied for jobs i wasnt yet qualified for so i could at least understand some of the interview process. Worked on my skills a bit and got a gig as a cloud engineer for a few years. So going from help desk to engineer/higher admin role is possible. 

What kind of companies are you looking at? Have you put any applications out there? I would try even if you don't think you're qualified. If they call back, they at least want to hear what you're about. 

Happy to answer any questions"
1nul52w,comment,nh3cl15,nh3b5j4,6ixthLordJamal,,2025-10-01 07:00:11,2,"I guess my first issue is that I don’t look at companies per se. 

I look at the title and the responsibilities of the role. Mainly things I feel like I’m comfortable with but also looking at the areas I can grow in. 

Attempting to leave the helpdesk. I try to aim towards admin roles Sys, network or cloud but don’t mind taking a risk for a jr admin or engineer role."
1nul52w,comment,nh3naph,nh3cl15,Easily0884,,2025-10-01 08:02:33,2,I understand. take the jump when you think you should. any one of those options will grow you.
1nul52w,comment,nh3olai,1nul52w,Elismom1313,,2025-10-01 08:10:10,2,"I’m an ET that used skill bridge to work and be hired at an MSP as a desktop support technician. 

I would say that the training here is very good for networking long term. 

But it’s a lot of struggle and figure out and not a lot of assistance. Which is fine but there’s very little *time* to investigate or research my self. And we don’t have a knowledge base. So. 

Great for learning though. I’d go for an MSP and embrace that’s it’s going to suck but be way more fulfilling than tier 1 at a major company like Verizon or something

I also am halfway through my WGU cloud degree and have net+, sec+, A+ and Linux and soon the other certs you have from the degree"
1nul52w,comment,nh3pf8q,nh3olai,6ixthLordJamal,,2025-10-01 08:15:04,1,Great we should connect on LinkedIn
1nul52w,comment,nh47tf4,nh3pf8q,Elismom1313,,2025-10-01 10:03:31,1,"For sure, I’ll send you a DM."
1nul52w,comment,nh4oi9l,1nul52w,2FURYD43,,2025-10-01 11:53:58,2,"As a former 25U(mainly Bn and Co radio with some computer support)  2007- 2013. I started with some schooling and Network Academy to get  at least some foundation. Did some unpaid internship, and some low end helpdesk msp. My biggest thing was to absorb as much information and learn as much as i could, while gather as much experience.  I would harness as much of what you learn in the military like planning, coordinating, implementing, leading and mentoring (especially if you were NCO).

It took me a minute to settle down with schooling, and finally landing a spot. Once i settle, thing naturally progress for me from helpdesk, network admin, leading helpdesk, to then finally taking over as IT manger. 

The biggest thing for you is to  gather much experience, while the cert complimenting your experience. 

Yes, company will want for you to show up and do , if you are applying for position with certain experience. For me it just came down with grab the bull by horn taking on the challenge , when they present themselves.

Dont rush to failure and take 25U moto of Jack of trades and master of none."
1nul52w,comment,nh559lw,1nul52w,[deleted],,2025-10-01 14:15:01,2,[deleted]
1nul52w,comment,nh6h960,nh559lw,6ixthLordJamal,,2025-10-01 21:06:12,2,I remember hearing your not a leader until you can can a leader that can create a leader.
1nul52w,comment,nh6hkjl,nh6h960,[deleted],,2025-10-01 21:08:03,2,[deleted]
1nul52w,comment,nh6hw3g,nh6hkjl,6ixthLordJamal,,2025-10-01 21:09:53,1,Thank !
1nul52w,comment,nh57rlq,1nul52w,Jon_Reremy69,,2025-10-01 14:39:03,2,"There are jobs out there that are willing to teach/mentor. They don't pay great however. I just landed a job as a Junior Sysadmin which in the interview, I asked if they were willing to teach and they practically said that's the whole point of the role. Taking a small paycut from my current role as an IT Support Officer, but the experience and the industry I'm going in to will give me the opportunity to essentially get a 80% payrise in 1.5-2 years when I can step up to a full Sysadmin"
1nul52w,comment,nh6hfka,nh57rlq,6ixthLordJamal,,2025-10-01 21:07:14,1,I was a Sys Admin prior to help desk but I was dealing with imposter syndrome and step down to a support role.
1nul52w,comment,nh5nl4b,1nul52w,PurpleHaz3e,,2025-10-01 17:21:50,2,The thing about being hired is : The hiring manager needs to like you… sometimes it is really tough.. sometimes it is not
1nul52w,comment,nh6hify,nh5nl4b,6ixthLordJamal,,2025-10-01 21:07:42,1,Hard bargain. I don’t care if you like me. Trust that I’ll do what you’re paying me for.
1nul52w,comment,nh62ba3,1nul52w,bssbandwiches,,2025-10-01 19:31:16,2,"You'll be fine.


You'll never know everything, there's a million ways to accomplish the same thing, and some solutions are great while others aren't. Change controls and other bureaucracy are meant to squash potential harm before it happens.


Once you get on a team the dynamics will change and what you read in the interview probably won't line up with what became upon hiring. 


You'll be fine. A lot can be learned by sitting in a meeting and paying attention too, even if you think it's boring. 


P.S. every company is ran so differently. From healthcare to insurance to banking it's all the same technology under the hood, but the way they run things is completely different."
1nul52w,comment,nh63a8w,1nul52w,Nguyen-Moon,,2025-10-01 19:38:16,2,"I've been at both; places with amazing, in-depth resources/articles/SMEs and IT desks that were ""rebuilding"" from nothing.

Sprint and Boeing/Dell had literally thousands of articles, pre-defined steps for pre-defined problems, clear escalation paths w/SMEs at the end of the path, and training classes.

NTT Data/State of Oklahoma had zero articles, no training, lack of any escalation beyond ""ask a manager.""

There's benefits and down-sides to both, but the ones with actual training classes and a plethora of internal resources are definitely dwindling. 

Also, while help desk to network engineer is possible, i'd bet that there's a few network tech positions in-between the 2. That'd probably take care of your worries on training. Experience is always the best teacher."
1nul52w,comment,nh6bp1u,1nul52w,riveyda,,2025-10-01 20:33:35,2,A NOC role would fit well. Reddit seems to think you NEED a help desk job before all else but it's not the truth. Yes it's the easy way but if you want to skip it and have the knowledge and experience required then go for it
1nul52w,comment,nhb50aq,nh6bp1u,eman0821,System Administrator,2025-10-02 12:00:40,1,"The NOC is still technically Help Desk in Networking. There are all types of different Help Desk roles. It can be ISP, IT Support, Application Support, NOC, Technical Support..."
1nul52w,comment,nh7tzae,1nul52w,Neilsipoo,,2025-10-02 01:10:32,2,"Steps

     1. Git
     2. Gud

:)"
1nul52w,comment,nhcaibu,1nul52w,No-Cycle-5496,,2025-10-02 18:31:57,2,"""I’m curious to know if it’s a realistic expectation to go from the help desk to a network engineer or admin role with help desk experience, the degree and certs."" - it's very realistic. For example, 95% of people holding cybersecurity positions were had previous experience in help deck, tech support, etc."
1nul52w,comment,njdqf7v,1nul52w,RoguTheHomunculus,,2025-10-14 10:11:30,2,"I have a degree and certs, but finding a help desk job is unreal. No one wants to give anyone a chance. I've had a few interviews and zero luck or feedback."
1nul52w,comment,njdr20o,njdqf7v,6ixthLordJamal,,2025-10-14 10:15:15,1,It’s ridiculous right now. I’ve considered Electrician or aviation mechanic
1nul52w,comment,njdrggw,njdr20o,RoguTheHomunculus,,2025-10-14 10:17:39,1,I graduated in may of 24. It's honestly a huge downer.
1nul52w,comment,nh3jof9,1nul52w,Enigma6Midi,,2025-10-01 07:41:20,1,You literally have a advantage over most people here because you have a clearance and you’re experienced with DOD tech infrastructure so you should be looking at jobs for contractors
1nul52w,comment,nh3klly,nh3jof9,6ixthLordJamal,,2025-10-01 07:46:36,1,Kinda not exactly. Like with a lot of things it’s not promised but I’m not giving up
1nul52w,comment,nh409b7,1nul52w,[deleted],,2025-10-01 09:18:33,1,"Market fucking sucks.. Goodluck. The only thing that will help is to know somebody that knows somebody, know somebody who likes you, or have someone that knows of you that likes you without actually knowing you. Besides this, prepare to apply to hundreds of positions and interview 10-20 times and hopefully get 1-2 offers out of it. Just helping you manage ur expectations."
1nul52w,comment,nh8jj7l,1nul52w,vi0cs,Network Engineer,2025-10-02 03:13:02,1,You have the basic certs. But what experience do you have? Do you have a home lab? What do you do beyond help desk at your work? Do you ask to train under the other departments?
1nul52w,comment,nh8s6x6,nh8jj7l,6ixthLordJamal,,2025-10-02 03:54:25,1,"I asked my peers to shadow them as they all have 2-3 decades of experience. Often they’re unsure what to teach me. 

I have a home lab, I have a NAS set up. I have Server 16 &amp; 25 deployed, win 11, rocky and kali Linux vms running."
1nul52w,comment,nh9npam,1nul52w,Somebodycool2018,,2025-10-02 06:31:49,1,Learn skills on your own time and make up experience on the resume
1nul52w,comment,nhe8dyp,1nul52w,red2play,,2025-10-03 01:02:44,1,"Your credentials aren't enough to be a network engineer.  Its way beyond generic certs.  Where are your AWS Certified Solutions Architect, CCNP/CCIE and PCNSE?  Get those three and 8+ years of experience and then come back."
1nul52w,comment,nhee1of,nhe8dyp,6ixthLordJamal,,2025-10-03 01:29:25,1,"I don’t think 8 years is necessary. Some companies even waive experience in lieu of the degree. Some people grab CCNA and jump right into it. 

Imo I’m going after it with the with the degree and experience. 

If the certs holds that much value why not skip the other 2 and go right into it?"
1nul52w,comment,nhei9oy,nhee1of,red2play,,2025-10-03 01:49:18,0,"Yep, that's what they all say.  Even if you get an interview, you'll bomb it.  Your also up against MANY experienced professionals but its fine.  There's two ways to learn.  The hard way and the easy way."
1nul52w,comment,nhekc29,nhei9oy,6ixthLordJamal,,2025-10-03 01:59:04,1,"Are you mad? Surely everybody isn’t waiting nearly a decade to advance. I’m not asking to because a Sr Network Engineer or Architect. 

Honestly I’d take a jr network engineer role if it meet my requirements. 

But hey we’ll cross that bridge when we get to it."
1nul52w,comment,nhen2i1,nhekc29,red2play,,2025-10-03 02:12:31,1,"&gt;I’m wrapping up the cloud and network engineering degree from WGU, I got the certs, I’ve gotten my boots wet but I still feel unprepared for anything beyond the help desk.

&gt;I’m curious to know if it’s a realistic expectation to go from the help desk to a network engineer or admin role with help desk experience, the degree and certs.

&gt;Another big thing I’ve noticed is that most companies want you to show up and do. Not many companies seem to have an environment that’s offering mentorship / teachings for people coming into the role.

&gt;Thoughts?

&gt;

Again, you'll still need the higher end certs to even stare at the position, even if its a Jr. spot.  If you get certs for a helpdesk position, you'll be stuck in that position.  You still need experience.  I know of a person who's been in Network Engineering for 3+ yrs and he still asked 100+ questions.  After a while, I changed things up so he couldn't continue to have me give him On the job training.  Let's just say afterwards, he failed to land the full time position.

Very few companies give out Jr. Network positions.  So your talking about in reality, going after a normal Network position or a Sr Network position.  Neither of which are handed to people who don't put in the work.

What you may or may not realize is that a hiring manager rarely sees ""incomplete"" resumes.  Many go through 3rd party companies who filter the resumes down to 3 or 4.  How will the hiring manager get the resume when you only have two years of experience when your up against 100+ resumes?  Is it possible, yes.  Is it probable, no."
1nul52w,comment,nhf8wdf,1nul52w,Confident-Staff-8792,,2025-10-03 04:00:37,1,You're about 20 years too late to the party.  Good luck.
1nul52w,comment,nhfflo4,1nul52w,itzmesmarty,,2025-10-03 04:32:49,1,"I'm with you on the ""company want you to come and do stuff and not much willing to train or mentor."
1nul52w,comment,nhfingo,nhfflo4,6ixthLordJamal,,2025-10-03 04:47:01,1,I get that I need experience but riding a bike is different with the training wheels off.
1nul52w,comment,nhfmfpn,nhfingo,itzmesmarty,,2025-10-03 05:04:41,1,True
1nul52w,comment,nhhizqa,1nul52w,Successful-Coyote99,,2025-10-03 11:42:01,1,"Yes, it is realistic.  If you find the right company.  I would say, look in the MSP space, where you can find it easier to career path.  Be prepared to function as a swiss army knife...but this is also the place where you aren't tied to the tiered positions like corporate IT where you may never touch infrastructure."
1nul52w,comment,nib76yj,1nul52w,LifeDuck8914,,2025-10-08 04:43:58,1,"You’re closer than you think, man. Build a homelab, break stuff, fix it, that’s how real experience happens."
1nul52w,comment,nh1w56j,1nul52w,ClarkTheCoder,,2025-10-01 02:35:30,-6,"Ugh, nobody likes to hear this, but I have to be honest because I’ve been in several hiring positions before and it’s just my experience but WGU degrees are not highly sought after or valued. I personally try to hire from either accredited and traditional colleges or people with certs and work experience. I’ve been in the room with hiring managers who have outright said that they liked the candidate, but would not hire because they were from WGU… in many cases it’s seen as a shortcut school and I don’t know if I’d go that far but I definitely don’t value it as much as other degrees from other institutions"
1nul52w,comment,nh25zpp,nh1w56j,4rmitage_,,2025-10-01 03:23:10,22,"The irony of so-called technical people preaching cloud-first infrastructure, remote access and digital transformation suddenly drawing the line at *online* degrees. It's rich."
1nul52w,comment,nh1xbly,nh1w56j,6ixthLordJamal,,2025-10-01 02:41:16,9,"I had this issue in my last role. I was asked why I didn’t choose alternative schools and my answer was I started when I was in the Army. 

A lot of colleges claim to be military friendly based off tuition but not a lot of schools give you grace when you have to completely stop your course work to go out on a mission for 2-3 months at a time. 

Also school is school who’s really comparing the curriculum? 

Nobody is teaching you how to set up a server or how to configure a laptop to dual boot an OS. 

I had to set up labs at home to learn how to set up a server make it a DC, configure GPOs then join devices to my domain. 

But that seems to be the harsh truth."
1nul52w,comment,nh28jcy,nh1xbly,Slight_Manufacturer6,IT Manager,2025-10-01 03:35:33,2,"I agree with what you say about comparing and school is school. Most of what people know is learned outside of school but there absolutely are schools teaching how to setup servers. 

For my associates we setup servers domains, took apart and put computers together, installed Linux and windows, added to domains, setup networks including firewalls and VLAN switches.

Teacher would come in and break stuff in our lab and we had to troubleshoot and figure out how to fix it."
1nul52w,comment,nh2bmuq,nh1w56j,ixvst01,,2025-10-01 03:50:40,5,Traditional institutions aren’t much better. I went to a big name state school and I was shocked by the lack of knowledge some of my classmates had that graduated with an IT degree.  Stuff like not knowing how to open command prompt and not even knowing what Linux is.
1nul52w,comment,nh1y9e2,nh1w56j,Evaderofdoom,Cloud Engi,2025-10-01 02:45:50,24,WGU is fully accredited university. If your passing on candidates you think are good because they went to WGU that is your loss. Your harshly and unfairly judgending 10s of thousands of people for no reason.
1nul52w,comment,nh22mpp,nh1y9e2,No_Zookeepergame2532,,2025-10-01 03:06:54,18,It's just classism in disguise. WGU is an actual affordable school for the average person compared to any other school with the SAME exact accreditation. And people frown on it. It's asinine.
1nul52w,comment,nh22wrn,nh22mpp,ClarkTheCoder,,2025-10-01 03:08:16,-17,"Yeah, because you don’t have to complete as much math and many case, it’s easy to get extension for assignments (try getting an extension in the workplace. It isn’t always possible or easy.) and everyone here can shit on it. All they want. I know it’s an unpopular opinion, but it’s definitely a common one among hiring managers so good luck with that!! :)"
1nul52w,comment,nh260g6,nh22wrn,Slight_Manufacturer6,IT Manager,2025-10-01 03:23:16,11,"I went to a state school and still didn’t have to do much math for an IT Network Services degree.

The math is more is CS."
1nul52w,comment,nh23fdg,nh22wrn,FCs2vbt,,2025-10-01 03:10:48,14,"When is math used to the extent an abet accredited degree graduate would be able to use it, in IT? Your logic is strange."
1nul52w,comment,nh25d0f,nh22wrn,No_Zookeepergame2532,,2025-10-01 03:20:10,7,"What do you mean you dont have to complete as much math? The math requirements for both in-person school and WGU were exactly the same lmfao. You still have to take calc and you still have to take multiple discrete mathmatics classes. People get extensions for assignments at in-person schools EVERY day. In fact, WGU doesn't even HAVE extensions. If you dont complete what you need to in the time you have, that's a wrap, you fail the class. Much like real life. You have to learn to manage your time completely on your own, just like real life. 

Edit: im talking about WGU CS program. I dont know what math their IT program has, but i doubt ANY IT program has near as much as a CS program anyway. So it's a completely moot point for this person to even bring up because IT program's dont have a rigorous math requirement. It's all pretty simple math that we mostly already learn in high-school. (Discrete math aside)

Edit2: as a side note for anyone on the fence about online school, WGU subreddits talk about how they get hired AND get accepted in graduate programs ALL THE TIME. If you get rejected from a job for going to online school alone, it was a blessing. Imagine having to work with these people who think your education is shit just because it wasn't done from a traditional, debt-causing school."
1nul52w,comment,nh1zshh,nh1y9e2,ClarkTheCoder,,2025-10-01 02:53:10,-9,"You know why I judge it harshly? Because the OP casually bragged about finishing up an engineering degree (at least that’s how it read to me), but it’s not a real engineering degree. WGU does not offer real engineering degrees. Their programs are engineering technology or applied IT and can be completed without all necessary calculus or physics courses. They use the word engineer loosely but the content is closer to IT or coding bootcamps, not a real ABET accredited engineering program.

You may not agree, but many people see it this way, and therefore prefer to choose a candidate with a traditional four your degree."
1nul52w,comment,nh22wg5,nh1zshh,FCs2vbt,,2025-10-01 03:08:14,6,"I am a little confused/taken aback on your comment, can you clarify a little more on your opinion? As far as I am aware there are 0 abet accredited network engineering degrees, anywhere. On top of that, I would guess most who DO have an accredited abet engineering degree, are not applying for IT positions but rather applying for jobs within their respective degree fields. Who exactly are you looking for then?"
1nul52w,comment,nh22arh,nh1zshh,WannabeACICE,,2025-10-01 03:05:18,12,"&gt;They use the word engineer loosely but the content is closer to IT or coding bootcamps, not a real ABET accredited engineering program.

This is such nonsense. ""Engineering"" in the IT world almost never refers to ""real"" engineering, such as Chemical, Civil, Electrical, or Mechanical engineering.

This isn't a real criticism, and if you and other hiring managers are actively rejecting people because of this, then you're not qualified to be making hiring decisions."
1nul52w,comment,nh22lgc,nh22arh,ClarkTheCoder,,2025-10-01 03:06:44,-7,"It is very much valid criticism, but I get that it works against you so 🤷"
1nul52w,comment,nh2747g,nh22lgc,Slight_Manufacturer6,IT Manager,2025-10-01 03:28:34,10,"As a hiring manager, I really like WGU degrees because they also focus on getting certs as part of the class.

College has very little to do with knowledge, no matter where you go. It’s a process, a hoop you jump through. When it comes to IT, everyone knows most of what people learn and know comes from outside of college."
1nul52w,comment,nh29k8j,nh22lgc,WannabeACICE,,2025-10-01 03:40:40,6,"You're just objectively wrong.

ABET accreditation does not matter when it comes to IT, as it's not an Engineering field.

Now, does that mean Network Engineering is a somewhat misleading title? Sure. However, that has nothing to do with WGU's legitimacy, and most Network Engineers aren't pretending to be CEs or EEs.

So, who cares? Surely, no hiring manager worth their salt does."
1nul52w,comment,nh24f1h,nh1zshh,Evaderofdoom,Cloud Engi,2025-10-01 03:15:39,3,"WTF are you talking about?  Your just wrong on all accounts, WGU is an accredited school and the CS program is certified with ABET. You have to do projects or test to pass every class. It's not a diploma mill or bootcamp, it's a real college."
1nul52w,comment,nh2e32y,nh1zshh,Miklonario,,2025-10-01 04:02:33,4,"&gt; I’m wrapping up the cloud and network engineering degree from WGU, I got the certs, I’ve gotten my boots wet but I still feel unprepared for anything beyond the help desk.

How is that a ""casual brag"" from OP? Also, they specified NETWORK engineering. If you take issue with that terminology, you'll have to start by addressing the last 40 years of IP networking culture rather than OP, because ""network engineer"" is a VERY common title in job listings. You really just seem... confused and misinformed."
1nul52w,comment,nh21gnv,nh1w56j,No_Zookeepergame2532,,2025-10-01 03:01:11,8,"Sounds like those hiring managers need to get their head out of their ass. Full accreditation isn't just handed out to any organization that wants it. Online schools have especially rigorous demands they have to meet in order to become fully accredited. I've gone to both brick and mortar AND online schools, and the curriculum is no different. I would say that the teaching was worse at the in-person school. But I mostly attribute that to going to a HUGE college where there is no way to have enough teachers to meet student demand. (Literally some classes were taught by students...no teacher involvement at all. And they SUCKED at it). This was the top ranked CS college in the  entire state too.

I personally see a self-motivated and self-starter oriented person when I see someone who did online college."
1nul52w,comment,nh2573r,nh1w56j,yawnnx,IT Support,2025-10-01 03:19:23,7,"Um, have you tried to simply hire one of those WGU candidates that was liked and see how it went? Or do you all just assume a WGU graduate cannot do the work? 

Your whole statement is ignorant. 

If you had valid points where you had various hires from WGU that were not able to perform compared to a graduate from another institution, then you may have a baseline to go off, but it sounds like you have primarily assumptions."
1nul52w,comment,nh2o7dv,nh1w56j,Moloch_17,,2025-10-01 04:50:37,3,"Nobody likes to hear it because it's a dumbass opinion.


WGU is accredited btw"
1nul52w,comment,nh250nl,1nul52w,benji_tha_bear,,2025-10-01 03:18:32,-2,"Do you feel underprepared because of your degree or just not enough practical teachings while you were there?

Also for the mentorship’s and teachings from companies.. they might not mention, but a lot of that’s on you and how you network. I’ve been in IT for 10+ years and the last thing I want is a company trying to offer to pay for something for me, like schooling or certs. I pay for that on my own, because no company is going to just pay for that out of the kindness in their heart, there’s always a clause to it. And working in a right to work state, I don’t want a company thinking they did something by fronting a bill to secure me staying there for however long. I always decline and pay for it on my own, it’s just not worth it.. when you get into a role, talk and meet everyone, you have to network on your own to get mentorship (for the most part) but it is possible."
1nul52w,comment,nh277r8,nh250nl,6ixthLordJamal,,2025-10-01 03:29:03,1,"What I do at work and what I’m learning doesn’t match the job requirements. 

I get some companies just copy and paste role requirements. 

For companies with a real IT presence usually have honed on requirements such as experience with juniper firewalls, puppet or OSPF."
1nul52w,comment,nh2wdgb,nh277r8,benji_tha_bear,,2025-10-01 05:30:41,2,"You say you feel unprepared past help desk, I would highly suggest looking into that. You don’t mention what certs you have, but if you have networking certs or maybe a cloud cert, are you building/maintaining networks on your time? That’s the best way to do it and keep your skills up.. And most companies won’t say they want to basically sponser someone like you’re implying they should do, that’s how they’d end up with way under qualified people just trying to learn everything on the go. Plus you’re asking if you can go from Help Desk to network engineer, and the answer is yes, that’s the path for many people."
1nul52w,comment,nh31axv,nh2wdgb,6ixthLordJamal,,2025-10-01 05:56:20,1,Yes. I’ll look into that. I guess Cisco packet tracer would be my best rouse with that which would led into CCNA. I listed the certs as well.
1nul52w,comment,nh4ih1p,nh250nl,Hotshot55,Linux Engineer,2025-10-01 11:11:36,0,"&gt; I’ve been in IT for 10+ years and the last thing I want is a company trying to offer to pay for something for me, like schooling or certs. I pay for that on my own


Lmao what a moronic take. I've taken so many classes for free by utilizing these types of benefits."
1nul52w,comment,nh4mfky,nh4ih1p,benji_tha_bear,,2025-10-01 11:39:19,-1,"I’m fine with free, you misinterpreted what I’m saying and probably what OP is saying.. I’m talking about companies trying to pay for certs or schooling and then wanting me to still sign something saying if I leave within a certain timeframe I have to pay it back, which is what I’ve encountered 99% of the time.. I’m not at all talking about free courses, although I would still bet a cert or college course is higher tier quality than a free course. Say what you will, I’m still doing just fine with this mentality lol"
1nul52w,comment,nh6e3ky,nh4mfky,Hotshot55,Linux Engineer,2025-10-01 20:48:02,0,"&gt; , although I would still bet a cert or college course is higher tier quality than a free course

So those certs and college classes are now lower quality because they're free?"
1nul52w,comment,nh8il93,nh6e3ky,benji_tha_bear,,2025-10-02 03:08:27,0,"No, that’s not what I commented, go read it again..

Edit: you’re dense, kid"
1nul52w,comment,nh4t9e0,1nul52w,signal_lost,,2025-10-01 12:29:51,-1,"*I’ve noticed is that most companies want you to show up and do.*

Companies are realizing that paying the premium for talent is just worth it.

At 10% above the bare minimum I can get someone who can pass a background check and not cause random drama and show up sober.

At 20% above bare minimum I don't have to explain to them what DNS is.

At 30% above bare minimum level for the job. I can just avoid 80% of the mentoring/landholding/rework risk that comes from having redshirts on the task. 

at 40% above minimum salary I get someone who takes imitative and is VERY reachable in a pinch for an oncall rodeo 

at 50% above minimum I can forget they exist as problems just magically go away, and they are figuring out other people's problems who report to me. 

Above this you start to cross weird lines where:

1. I can straight up hire WAY fewer people (like at 200% I can avoid hiring 4 people potentially).  I can also remove the Jr Manger/Supervisor role

2. At 300% I can get rid of middle managers and run crazy fan out ratio's (Sure letr's have 15 people report to a director but it doesn't matter because they all manage themselves).

4. At 400% they spontaneously fix issues for the CIO of a fortune 500. 

5. At 500% They WILL consider killing someone if I ask... I mean ugh.... 



Paying premiums ""unlocks"" a LOT, and it's like the reverse of marginal returns. You get parabolic returns in many roles by hiring fewer people but paying them real wages. This sucks for early career as the ladders that existing staff engineers used to climb up are pulled up, but new ropes and elevators appear always in new areas."
1nul52w,comment,nh553lm,nh4t9e0,[deleted],,2025-10-01 14:13:25,1,[deleted]
1nul52w,comment,nh91p7h,nh553lm,signal_lost,,2025-10-02 04:38:45,0,"I'm not a manager anymore been 10 years, but this has been what the companies I've worked have done. 

Part of it is IT being less of a ""high Growth"" field and more of a ""mature field"". Growth fields you have to invest to train talent because ""it doesn't exist"" at any cost. 

I care for new people wanting in, but I'm also  kinda torn on this.

When I came into this field people had home labs, and learned a LOT self directed. You could ask someone to read a manual and they actually did it, or they carefully crafted google Fu to find response. 

Increasingly I'm seeing people expect to be 100% hand taught everything 1:1 or call support and expect them to it for them. It's a very different vibe than it was 20 years ago and I can't figure out why. We used to write blogs about stuff and go to user groups and trade tips. The community vibe was very different."
1nul52w,comment,nh9884k,nh91p7h,[deleted],,2025-10-02 05:09:55,1,[deleted]
1nul52w,comment,nha36o4,nh9884k,signal_lost,,2025-10-02 08:01:16,0,"Do you have a machine you can put a little extra RAM in and run VMware Workstation (It's free) on?  
Vmware HOL is free and gets you access to nested labs running on millions worth of hardware. 

Microsoft has hosted training for their stuff too. 

Oracle has a free tier for their cloud for students. 

Software development can be learned on a raspberry Pi. 

Ask around the local user group, someone is generally has some free stuff.

*I can do the job with the training, but I need the opportunity first. No one will give me the opportunity.*

I would be careful saying this in an interview. 98% of what I know in IT no one formally ""trained me"". I had managers who at best did Socratic questioning at best. Real training is expensive (thousands of dollars per class) and honestly its pretty rare. I just in my free time lab'd stuff and read tens of thousands of pages of blogs, product guides, documentation, lab guides etc."
1nul52w,comment,nha9yfg,nha36o4,[deleted],,2025-10-02 08:41:48,1,[deleted]
1nul52w,comment,nhaieqb,nha9yfg,signal_lost,,2025-10-02 09:32:46,1,"I haven’t been physically allowed to touch a server or switch in nine years. (My datacenter is on the other side of the US, and for compliance only a small handful of remote hands people are allowed in there).

I learned Cisco networking using packet tracer and emulators. 

There are jobs in data centers where you physically touch things, but they’re generally incredibly low pay. I did used to work in data centers on occasion and it was always wild talking to those guys as they had zero clue what the blinking lights meant. Had never seen an iLO console, and didn’t know what a hypervisor was. 

If you don’t like reading or retain things you read and prefer to work with your hands have you considered the trades?"
1nul52w,comment,nh7mcxs,1nul52w,Wonder_Weenis,,2025-10-02 00:33:43,-1,"First of all, WGU is a scam university. 

It is the next iteration of ITT Technical institute, and Phoenix Online. 

Second, find an MSP, find a company looking down the barrel of CMMC compliance measures, and use your military service to your advantge, as an easier path to more secured network positions. "
1nul52w,comment,nh7nlqz,nh7mcxs,6ixthLordJamal,,2025-10-02 00:39:51,2,"IMO school is school the real experience comes from the job. 

I don’t think Harvard would teach me anymore than any other college."
