﻿post_id,type,id,parent_id,author,author_flair,created_time,ups,content
1lji8lm,post,1lji8lm,,gptgirlnextdoor,,2025-06-25 02:02:41,72,"【标题】With AI advancing so fast, is it still worth learning to code deeply?
【内容】
I’m currently learning to code as a complete beginner, but I’m starting to question how much depth I really need to go into especially with AI tools like ChatGPT making it easier to build and automate things without fully mastering the underlying code.

I don’t plan on becoming a software engineer. My goal is to build small projects and tools, maybe even prototypes. But I’m wondering if focusing more on how to effectively use AI with minimal coding knowledge might be the smarter route in 2025.

Curious to hear thoughts from this community:Is deep programming knowledge still essential, or are we heading toward a future where “AI fluency” matters more than traditional coding skills?"
1lji8lm,comment,mzjy4zu,1lji8lm,AutoModerator,,2025-06-25 02:02:41,1,"## Welcome to the r/ArtificialIntelligence gateway
### Question Discussion Guidelines

---

Please use the following guidelines in current and future posts:

* Post must be greater than 100 characters - the more detail, the better.
* Your question might already have been answered. Use the search feature if no one is engaging in your post.
    * AI is going to take our jobs - its been asked a lot!
* Discussion regarding positives and negatives about AI are allowed and encouraged. Just be respectful.
* Please provide links to back up your arguments.
* No stupid questions, unless its about AI being the beast who brings the end-times. It's not.

###### Thanks - please let mods know if you have any questions / comments / etc

*I am a bot, and this action was performed automatically. Please [contact the moderators of this subreddit](/message/compose/?to=/r/ArtificialInteligence) if you have any questions or concerns.*"
1lji8lm,comment,mzk4xf7,1lji8lm,Basis_404_,,2025-06-25 02:34:30,106,Should you still learn how to math works even though computers do it for you?
1lji8lm,comment,mzkhmdq,mzk4xf7,BengalPirate,,2025-06-25 03:35:29,35,"\^This!!!!!!

Every time I see these types of posts it makes me cringe from the level of ignorance. Or people outside of tech that somehow think Programmers are at the most danger of having their job replaced. Programmers are in the safest position possible because they can go further in making products (and now can do it with a much smaller team). You mean to tell me I can now build the website with the cool UX/UI, the mobile app, the hardware, the desktop app, and the A.I. generated commercials possibly all by myself in less than a year for less than $20,000? (I can even get A.I. based Cybersecurity tools to evaluate and protect my app and server with log reports?) And you think my job is at risk compared to every other person in a company? Why would an experienced programmer with all the tools (most open source) at their disposal need to work for anyone in the first place? The only restriction for such a person is time and an idea of a product with a huge market need!  As long as the world isn't a utopia people will buy products to solve their problems.

Entry level roles may be taking a hit cause teams can shave down but the emergence of these tools means more opportunity for the startup route. Smaller team's for multitudes of billion dollar ideas rather than large clusters of engineers at one company. The coders or beginners panicking about A.I. are the ones that haven't realized this or haven't spent time looking at the bigger picture of a marketable product.

The person who owns a sports car and has mechanic skills to fix a sports car in the middle of the desert is in a better position than the person who only owns the broken down sports car. 

The day A.I. can develop an entire codebase is the day I have over 10+ streams of income as a solo developer who knows how to fix my own product. What are you talking about?"
1lji8lm,comment,mzl953a,mzkhmdq,Naus1987,,2025-06-25 05:50:57,6,"I think the real issue is that mediocre, bad, and lazy professionals are absolutely at risk of losing their jobs. And these are the people who are afraid. And since they're just not smart people they're also the most apt to jump to bullshit conclusions. 

It took me a bit to realize it, because as someone incredibly skilled within my own career field, I've always lived by the motto of ""just get better."" Want job security? Be a Dr. House. Be the best person in the building, and you'll have the freedom to cuss out your boss and know you'll never get fired. 

But these people who worry. They're not like me. They're probably not like you. They're worried because they're not the best at their job. They're probably not even above average. They're just looking for a get-rich-quick scheme type of paycheck. If I half ass coding, I can get a job I just show up to and make easy money. 

They don't even think about being competitive. They're NPCs. They just want to go to college get a degree and then be hand-held through the next stage of life. 

It's why so many of them are freaking out, because AI is a derailment of the status quo. It's scary, because they can't survive on merit alone. They rely on a system to keep them safe. To follow the rules and be protected. 

They will lose out. And they'll have no one but themselves to blame for being dumb, lazy, or complacent."
1lji8lm,comment,mznt8wv,mzl953a,calloutyourstupidity,,2025-06-25 15:57:05,3,"Wow, narcissism goes wild with this one"
1lji8lm,comment,mzoajza,mznt8wv,Naus1987,,2025-06-25 18:41:57,6,"Narcissism swings both ways. Mediocre people need to recognize they're mediocre. Otherwise they'll keep hearing the same answer back ""get better."" 

If someone wants to delude themselves into thinking they're awesome -- then they better be awesome. That's the solution, lol. Worried about ai taking your job? If you're awesome, then be awesome. Problem solved.

But that glosses over the truth right? I think people need to admit that they're handicapped. Or you can't help them. Put their ego aside and admit that the reason they're falling behind is because they're not competitive enough to succeed in the say way the competitive people would overcome those challenges. They can't just ""get better."""
1lji8lm,comment,mzowjv7,mzoajza,calloutyourstupidity,,2025-06-25 21:10:38,1,How do you know you are not one of those ?
1lji8lm,comment,n09zvi7,mzowjv7,Legitimate_Fix_3744,,2025-06-29 02:00:21,3,"He doesnt. He is talking like one of those life coaches.
The reality is noone knows what jobs will be ""safe"". There is a high chance no job will be, in a sense that AI will outperform anyone. Does not mean every job will disappear, but you wont be dr house in the future."
1lji8lm,comment,mzlukwp,mzl953a,EducationalZombie538,,2025-06-25 07:46:03,2,"Yeah, I've doubled down on animation and video on the front end with the aim to just be better. AI is nowhere near even half decent at that"
1lji8lm,comment,mzmwhay,mzl953a,onions-make-me-cry,,2025-06-25 11:27:25,1,"I was none of those things, and I still lost my job to AI. It was 1,000% unfair what happened to me."
1lji8lm,comment,n4eb31k,mzmwhay,shizuka_ka_aashiq,,2025-07-22 03:36:37,1,what job?
1lji8lm,comment,n4eihpw,n4eb31k,onions-make-me-cry,,2025-07-22 04:11:49,1,"I worked for an employee benefits broker firm, so client services for 150 employer groups and 5,000 lives."
1lji8lm,comment,n4eje8x,n4eihpw,shizuka_ka_aashiq,,2025-07-22 04:16:01,1,damn how did AI replaced u
1lji8lm,comment,n4elshf,n4eje8x,onions-make-me-cry,,2025-07-22 04:27:36,1,"A lot of what I did was process enrollment changes at carrier portals. I was the newest one so he slotted me into the production entry level work and I got no career progression because he needed someone to do that work (and didn't have anywhere to promote me to - tiny company). Then he automated that work away. 

In the end, I had attorneys lined up around the block to sue for wrongful termination and fraudulent inducement, and I got a small settlement that definitely wasn't worth what I had gone through for the past 3 years at that employer."
1lji8lm,comment,n4emtxa,n4elshf,shizuka_ka_aashiq,,2025-07-22 04:32:32,2,"damn, I hope u find a job soon, it's cruel  out there and always will be, that's life."
1lji8lm,comment,n4eoo1f,n4emtxa,onions-make-me-cry,,2025-07-22 04:41:17,2,"Oh, I already did a few months ago. It's full time remote, and seems pretty decent."
1lji8lm,comment,n02e7j1,mzl953a,[deleted],,2025-06-27 21:59:04,1,Cope.
1lji8lm,comment,nkofa5t,mzl953a,Matt_The_Martian,,2025-10-22 06:08:12,1,"Right, tell that to the Dr. House of telephone switchboard operators. 

Technical proficiency will likely be less important than soft skills moving forward. And I’ll guarantee the person cussing out their boss will be the first one on the chopping block. 

Good luck to you"
1lji8lm,comment,nky8rvg,nkofa5t,Naus1987,,2025-10-23 21:06:46,1,"I'm sure the Dr. House of the switchboards pivoted pretty well into something else. 

\--

But yeah, you're also right, soft skills are important. When I teach people to be successful, I often mention that it's a mix of the two. If you're a God at either, you can cheese the system. But if you're not great at either then be somewhat good at both. 

Side rant. I get this issue a lot with programmers. They think all they need to be is a mediocre tech person. Not good enough. You have to be a God tier tech person, or you have to be mediocre with good soft skills, you can't just ignore them because of a mediocre skill set. Work on both.

And then the other side of the coin, those Gods (and often Goddesses) of soft skills. They can be dumb as a rock, but get cushy jobs just because being around them makes you feel amazing. 

============

I truly do think AI will just murder the mediocre scene. And those people will be screwed. I do not know how to help them. 

It's hard for me to empathize with them. I can sympathize, but I cannot relate. I was raised with the philosophy that you just keep working on something until you get good at it, but I've met a lot of people who despite their best efforts never improve. And I just don't know what to do when people plateau out. 

I run my own company, so I got good at switching and rotating people around to min/max their strengths and weaknesses. And again, I do greatly value soft skills, and I know how to slot those people. I won't know what to tell un-employed mediocre people when my business is nothing but me, the robots, the robot maintenance team (specialized skill), and some baller soft skill receptionists."
1lji8lm,comment,mzpcjlo,mzkhmdq,theschiffer,,2025-06-25 22:33:26,1,That’s an exceptionally rare and thought-provoking perspective. Saying it merely shifted my view on AI would be an understatement - it genuinely reshaped the way I understand it.
1lji8lm,comment,n0ms7ng,mzkhmdq,HotIndication9746,,2025-07-01 03:36:57,1,"&gt; can do it with a much smaller team 


Yea. Sounds safe. "
1lji8lm,comment,nkodyng,n0ms7ng,Matt_The_Martian,,2025-10-22 06:00:43,1,"Hahaha yeah, dude was clearly too busy coding to make it to economics class…"
1lji8lm,comment,ncixogb,mzkhmdq,Flat-Possible-3076,,2025-09-05 17:08:47,1,"Because AI isn’t that far away from being able to do that it’s already almost at 100 million IQ. I am going for software engineering too, and I do worry about this."
1lji8lm,comment,noj26by,mzkhmdq,Interesting-Sleep723,,2025-11-13 05:51:22,1,"WOW. Well said, friend."
1lji8lm,comment,mzkivzy,mzk4xf7,Particular_Swan7369,,2025-06-25 03:41:58,9,"That works for simple math, what’s the point of being able to do a ton of complex calculations in your head when you’ll 100% be slower and make more errors, and no matter how much you learn you’ll never have the chance to be better than a calculator in any way? The only point is I can think of is self validation. So if you already have experience in code it might be worth learning more but a beginner will never even be able to touch what ai can do, especially with how ai is progressing. And my point is proven by the number of developer jobs getting lower and lower every day"
1lji8lm,comment,mzkv6y1,mzk4xf7,Hot_Tower9293,,2025-06-25 04:43:28,9,"Let me play devil's advocate here. The reason it is important to learn math is not necessarily to learn how to solve math problems that a computer can easily solve but as a foundation to learn how to think critically in ways that a computer cannot.

The thought is that in the not so distant future, AI will learn to think critically in ways that surpass all human capabilities and therefore the analogy with math breaks down. So no, you should not learn any math past basic concepts because there is nothing to build towards that an easily accessible AI would not be able to achieve and surpass.

Of course, no problem with learning advanced math for fun."
1lji8lm,comment,nrmo4wa,mzkv6y1,Green-Concern6616,,2025-12-01 08:30:22,1,No it won't
1lji8lm,comment,mzkmvmb,mzk4xf7,Creed1718,,2025-06-25 04:03:06,2,"in highschool sure, in uni though absolutely not if you are not gonna work in a math related field (beside the 101 basic classes ofc)."
1lji8lm,comment,mzlby2o,mzk4xf7,tomvorlostriddle,,2025-06-25 06:05:17,2,"This is a lot more debatable than you make it out to be.

STEM degrees have already gone away a lot from rote computation towards modelling and are continuing to do so."
1lji8lm,comment,mzlqwxn,mzk4xf7,kyngston,,2025-06-25 07:26:00,2,"I don't bother memorizing directions to a destination, now that I always have GPS on me."
1lji8lm,comment,mzo5dxi,mzk4xf7,orbis-restitutor,,2025-06-25 17:56:28,1,"Yes, but computers do change how you should learn about math. While you should definitely understand the principles of the basic mathematical operators, you're wasting your time trying to become as fast or accurate as you can doing them. Likewise, understanding the principles of programming is likely still a good idea, but dedicating time to writing the best code possible might not be."
1lji8lm,comment,n71ulpr,mzk4xf7,AdEfficient4332,,2025-08-05 21:36:32,1,If you can do the math that the computers cant then sure why not
1lji8lm,comment,mzng2f5,mzk4xf7,Longjumping_Kale3013,,2025-06-25 13:54:08,0,"Math is universal. It is the language of the world.

Most coding is just temporary. I’ve seen many languages come in and out of favor, many frameworks. All of that jquery knowledge I once had? Useless. Original angular? Useless. Old JS also isn’t really around. 

I would imagine that in 20 years coding and programming languages will look much different, whereas math will be the same.

TLDR; most coding is just an api that someone has created and is only temporarily in its current state. Math is forever"
1lji8lm,comment,ncez15j,mzng2f5,theschiffer,,2025-09-05 02:08:04,1,"Fair enough, but pure math grads face limited job prospects unless they specialize and channel that knowledge into tech or domain-specific roles. Math on its own doesn’t hold up in the job market."
1lji8lm,comment,mzk5hv3,1lji8lm,mkv02,,2025-06-25 02:37:14,27,"YES!!!

**Amazon Q** built me a sophisticated, reactive, fully deployable application with complete data stores, unit tests, and a federated login! All from prompting. But the **federated login** didn't work. It was not a bug, and I know exactly why!

Private IPs, public IPs, firewalls, open ports, protocols, signed certificates, and HTTPS termination are all things one would line-up to get this to work!   
  
**Deep understanding goes beyond surface-level implementation!**"
1lji8lm,comment,mzk65sv,1lji8lm,Wiyry,,2025-06-25 02:40:24,21,"I have two answers for this: the short answer and the long answer.

I’ll give the short answer here but you can ask for the long answer if you want:

The short answer is yes, it is worth it. AI is really good at boilerplate code. It’s terrible at edge cases cause they’re unique. AI’s big flaw is that they struggle with new and novel tasks. If you’re working with a new programming language: AI is gonna struggle until a new model is made that has training data with said new language included.

This isn’t even to add in things like hallucinations, spirals, and outages. See, another issue with AI is that when it fails: it fails silently. Unless you can read code (I’ve had way too many issues with AI debuggers) you might end up stuck. AI can get locked into what I call “tantrum spirals” where it just regurgitates the same problematic code chunk back at me over and over again (even after starting a new chat and clearing everything). Finally, AI can have outages since ya know, it’s on the internet.

Just using AI to code can get you 50%-70% there but the last 50%-30% really matters. You still need to understand what your code is actually doing and how to maintain and fix it when needed (as well as update it).

Trust me as someone who’s made a LLM, studied LLM’s, programmed apps and games, etc. a deep understanding of programming will take you farther with AI than someone who only knows the basics."
1lji8lm,comment,mzpmkzb,mzk65sv,AffectionateZebra760,,2025-06-25 23:20:48,1,"I agree with this, to understand what the AI does correct or not u need to be aware of the thought process behind it"
1lji8lm,comment,mzqwvcu,mzk65sv,theschiffer,,2025-06-26 02:54:32,1,I'd love to hear the long answer. Very thoughtful points.
1lji8lm,comment,mzkwvdh,mzk65sv,Hot_Tower9293,,2025-06-25 04:51:15,0,"&gt;a deep understanding of programming will take you farther with AI than someone who only knows the basics.

Well sure but this analysis is incomplete without considering the opportunity costs. All things being equal, your statement is correct but is it still correct if it costs 4 years of your life and tens of thousands of dollars to gain that deep understanding? At some level of AI development, the answer to that is clearly no."
1lji8lm,comment,nd1cyp7,mzkwvdh,MorrisRF,,2025-09-08 13:26:00,1,"where did you hear that? if you’re committed and have lots of free time you can learn programming in 2-3 years without spending anything. where would you even spend to learn?

also if you’re going to code using ai you’re gonna want the pro version and THAT will cost you"
1lji8lm,comment,nlco9qt,mzkwvdh,ProgramerF11,,2025-10-26 02:35:41,1,"I would honestly disagree, their are tons of free ways to learn coding and I mean tons, realistically the only thing you need is free time and learning how to code in depth would take 2-3 years on your own, I personally think you don’t actually need college for this and honestly the hard part is staying consistent and having time. AI like op said is just a co-pilot for coders and it’s hard to see it get past that stage bc even I have tried to use AI for projects and again since I don’t want to regurgitate what the other guy said, basically it goes on loops and loops and it never gets it right fully so you need to have a good understanding of coding to be able to fix whatever issues the AI presents which tends to be a lot. Sure it will give you lots of likes of code for said program but usually it won’t fully work and you gotta tweak it a lot."
1lji8lm,comment,mzmmz6y,mzk65sv,GTREast,,2025-06-25 10:28:24,0,What’s the short answer?
1lji8lm,comment,mzk4xqz,1lji8lm,ChrisMule,,2025-06-25 02:34:33,10,"I wouldn’t bet a career on coding any more. I heard this in an interesting speech this week - the current state of AI can be compared to the state of computing in the 1960s. In other words, what blows our minds today will be considered a joke in a few years. It means, all this talk of AI being ‘ok’ at coding for a few small scale scenarios is true today but won’t be in 2030. It will be perfect and amazing 99.99% of the time.

However, learning coding because you’re passionate about it and want to understand- hell yeah!"
1lji8lm,comment,mzkeb0t,mzk4xqz,JP2alcubo,,2025-06-25 03:19:18,2,I think what you are saying its true until AI hits the hardware wall.
1lji8lm,comment,mzkjcpy,mzkeb0t,Videoplushair,,2025-06-25 03:44:22,4,Are you following what NVIDIA is doing? Their processors today are far more powerful and more energy efficient than processors made even 5 years ago. I’m talking hundreds if not thousands x performance increase.
1lji8lm,comment,mzleih0,mzkjcpy,JP2alcubo,,2025-06-25 06:18:53,1,"Those are good news and I know that they will keep improving. IMO to get to the AGI, the investment on energy solutions as well as optimizing hardware should be even faster than the models itself. If not the risk on being restrained by reality is very high."
1lji8lm,comment,mzm9u71,mzkeb0t,Singularity-42,,2025-06-25 09:13:40,2,"What? Hardware is static? AI is hitting the ""HW wall"" constantly,  but HW is improving at a fast rate (Huang's Law) and this ""wall"" is being pushed."
1lji8lm,comment,mzkezxz,mzkeb0t,ChrisMule,,2025-06-25 03:22:32,1,What do you think will happen when we hit the hardware wall?
1lji8lm,comment,mzlexno,mzkezxz,JP2alcubo,,2025-06-25 06:21:06,3,"We may see a desperate increase in hardware development, as well as companies and people struggling for energy. AI cannot exist on itself, it needs a complete infrastructure."
1lji8lm,comment,mzma13f,mzkezxz,Singularity-42,,2025-06-25 09:14:45,2,"We are hitting it constantly, but the ""wall"" keeps moving :)"
1lji8lm,comment,n4edbrl,mzma13f,JP2alcubo,,2025-07-22 03:47:20,1,From your viewpoint the wall should look as a plateau… which is basically the same concept.
1lji8lm,comment,n4eemkg,n4edbrl,Singularity-42,,2025-07-22 03:53:28,1,"I don't understand what you mean. 

What is the ""hardware wall"" anyway? There is a lot of research into computation outside of silicon. and even with silicon we have at least a decade of good progress in Huang's law..."
1lji8lm,comment,mzqz2na,mzk4xqz,theschiffer,,2025-06-26 03:04:58,2,"I have to admin, these points about AI progression -particularly how it’s rapidly advancing to fill in all the gaps in coding-are striking. It's likely that, within a few years, AI will handle most software engineering tasks with little human input. Yet, what’s missing from the conversation is a serious discussion of alternative paths: if software development is no longer a viable long-term career, then what is? What kinds of skills will still be valuable in this plausible 2030 reality?"
1lji8lm,comment,mzr0bwd,mzqz2na,ChrisMule,,2025-06-26 03:11:01,2,"It’s a really interesting topic. If AI takes over all technical / digital realms. It can code, do your online grocery shop, manage your online finances, etc and ultimately renders most digital jobs obsolete then I suspect we are better to look to pre-technological times to answer your question.

Maybe we’ll value non-AI generated stuff a lot more. Like physical art, hand made shoes and furniture. Maybe civilisation will back away from the whole internet / technology centric world we live in. What do you think?"
1lji8lm,comment,mzts0o2,mzr0bwd,theschiffer,,2025-06-26 12:17:35,2,"Honestly, I’m pretty confused too. But in the scenario you describe -where most digital jobs disappear- maybe value will shift toward activities within the so called “meaning economy.” That includes the kinds of things you mentioned or other roles that are less tech-driven and more human-centered. Personally, one path that really interests me is becoming a personal trainer. I’ve been addicted to the gym for about 20 years, love digging into hypertrophy and strength research, experimenting with routines, following different programs, you name it.

  
I’m not sure it makes financial sense either, but at some point, what choice do you really have? If the market shifts that way, you either adapt or get left behind. We don't know what kind of UBI programs will be around -if any- and how livable they're going to be."
1lji8lm,comment,nam977g,mzts0o2,Lavendar_Panda,,2025-08-26 01:31:30,2,"You’re on point 100%. I’m a physical therapist but also love AI. You will absolutely love a career in therapy (occupational therapy, speech therapy or physical therapy) and have so many daily job offers you will need a separate email box so that yours is not overflowing. The job market is in huge demand. And you’ll have the peace of mind knowing this career is not ever going away. And you can get paid to travel the world and have all of your expose paid while working. I work trauma ICU  and live every single minute. I have extra time to learn new things and AI in healthcare is  a new open field that fascinates me. So bottom line, put in the leg work, go get a therapy degree and live your career. Time is going to go by anyways so get the degree. 
Good luck and best wishes to you."
1lji8lm,comment,noj325e,nam977g,Interesting-Sleep723,,2025-11-13 05:55:48,1,What if we have AI PT Bots?
1lji8lm,comment,n0vgvzk,mzqz2na,Ok_Yak_1095,,2025-07-02 10:25:09,2,"What if, instead of greedy corporations mingling with AI and laying people off, there's a big attraction towards businesses that keep hiring humans as a strategy? See how Walmart is the largest employer in the US? Walmart doesn't even need AI to the same degree, for example. Differences between Walmart and Google Inc., yada yada. But you see the point here. I don't know how wrong I am, but as long as AI still has flaws, which it always will, people can make a dent. AI learns from us and can't be better than us, since we aren't perfect ourselves, for a little longer. Not saying people can be better workers than a robot that can work tirelessly 24/7, either. But I'm probably doing something right by reviewing AI-generated code and selling websites to local businesses while having a whiteboard filled with various ideas. The startup route persists if jobs start to diminish. That is why video game development is likely not going to die out either.

I hate how so many people, not just in this sub, like to talk about the problems and flaws in whatever is going on and get flabbergasted when confronted with these questions. It's never been a better time to know how to code. There's probably some dude out there relying solely on those little suggestions that IDEs give you, and you just press Tab and make a living off that. I was surprised to learn that that is also AI's doing.

To answer your question, being an FBI agent or a pilot seems plausible in this 2030 reality. You still need logic, and hacking skills would help for the first choice."
1lji8lm,comment,n5s66k2,mzk4xqz,ChaseIssues,,2025-07-29 20:33:05,2,"This is what people fail to acknowledge, Moore's law right there"
1lji8lm,comment,mzk7exp,1lji8lm,LOWIQAGI,,2025-06-25 02:46:17,9,"For the sake of learning it since it may be fun for you, yes... for making money, nah... you should not assume that this job will exist in 3-5 years more"
1lji8lm,comment,mzlizzg,mzk7exp,quantumpencil,,2025-06-25 06:43:21,0,This is dumb/incorrect.
1lji8lm,comment,mzlv238,mzlizzg,EducationalZombie538,,2025-06-25 07:48:38,1,hence the name
1lji8lm,comment,mzwx6v7,mzk7exp,ToroLoco_TL,,2025-06-27 01:04:17,1,So what job will be around in 3-5 years?
1lji8lm,comment,namavjc,mzwx6v7,Lavendar_Panda,,2025-08-26 01:39:23,1,"I can tell you what jobs will be around because I’m in that career and the demand is so high that our professors demand that we do not take the 1st or 10th job offer we are given due to the huge need. I am a physical therapist and I get job offers daily and work assignments to travel the world and they pay everything, housing, food stipend, cell phone, etc etc and I get a very nice paycheck to work in a trauma ICU with some very cool cases daily since my forte is gunshot wounds  and brain injury. I love AI and it fascinates me and the new emerging field of healthcare AI is going to be huge. 
So bottom line, go put in the legwork and become an occupational therapist, speech therapist or physical therapist. These jobs are only growing and blend it with AI technology for healthcare. 

Best wishes to you. 🙏"
1lji8lm,comment,nl6xqh0,namavjc,vlad_funny2212,,2025-10-25 03:47:16,1,"damn. i never thought about being a therapist, but it could also be difficult for some because of short temper or other reasons. If possible, could you give me a short demo of what you do?

do you stay in a room in a building away from home, or online?

You said you travel the world? What requires you to be physicly there?

On average, how much is your pay per day, and how many \~people do you see per day

What degree do you need for speech therapist?

What ages do you work with, or does it depend where

would you say its easy?"
1lji8lm,comment,mzk4j6o,1lji8lm,secondgamedev,,2025-06-25 02:32:36,5,Depends on how successful you want to become. Some companies use frameworks and built tools they don’t need to fully understand them to make a product. But for bigger companies like Netflix or a big social network site you will need experts. I am still not saying you need to know things deeply but if you can’t afford to pay an expert and only use AI then let me ask you this. Are you smart enough to fix a problem your program runs into when your application no longer works for whatever reason and users or clients are breathing down your neck on the issue? Are you lucky enough that AI can solve all the issues you will encounter in time once your application scales up?
1lji8lm,comment,mzk0br2,1lji8lm,jdcarnivore,,2025-06-25 02:12:51,5,Learning code is still ideal. Without it you could fail at providing the right level of context.
1lji8lm,comment,mzjzk8y,1lji8lm,InterestingFrame1982,,2025-06-25 02:09:18,3,"If you want to build enterprise worthy applications that don't break with every edge case, yes.  AI can get you really far, and I would say it may even get you to that 80% mark, but that last 20% is a REAL grind. The closer you get to 100%, the harder it seems to get (always been the case for me) and that is where true engineering comes into play."
1lji8lm,comment,mzkbau7,mzjzk8y,NewsWeeter,,2025-06-25 03:04:54,2,"You are talking about the current state, though. What is considered fundamentals will be drastically different with AI tools.

My thing is target what you need to know today to get your job or start your business."
1lji8lm,comment,mzkgwxj,mzkbau7,InterestingFrame1982,,2025-06-25 03:31:51,3,"I guess it is completely dependent on what your pain tolerance is.  If you think you can get a quality MVP up and working, and then hire a team to actually make it scalable, then go for it but I do not think it'll play out that way for many people.

No one is denying that the paradigm seems to be shifting, but this notion that AI will magically save your tech-debt-ridden codebase in X years is a hefty gamble. There's also the harsh reality that you may not be good enough, even while ""vibe coding"", to build anything worthy of the market.

If someone builds the next great unicorn with an aggressive agentic tech flow, I can't help but think the team will still be full of really talented software engineers and architects. Cursor is a great example of that, as the founders are all math wiz kids who have been programming since childhood."
1lji8lm,comment,n01otf8,mzkbau7,RemoveHealthy,,2025-06-27 19:26:08,2,Tell AI to create simple game like tetris but original not some copycat and you will see how useless AI is
1lji8lm,comment,nm4rupq,n01otf8,Present_One_9426,,2025-10-30 11:28:38,1,"But I don't think anyone in their right mind would try and use AI in that way and think it's going to build anything serious. The point is, you don't need to have the technical ability to write your own code anymore if you understand structure, understand the language (basics), how to think logically, how to articulate your vision to a prompt and you will do fairly good.

  
For example, if you go on ChatGPT right now and say you want to create a backend for whatever using Python, if you're able to explain how you want it to function, user flow and ask it to create a roadmap and you keep refining that roadmap until it meets your satisfaction, you can then create something decent or more than decent (and know how to use an editor).

  
It's like if you tell AI to write an email to your workplace saying you'll be off today due to being ill, it's going to write a very generic email. However, if you go into more detail, tell the prompt what specifics to include, the tonality, how easy it should be to read, the length of the email, the structure in case you want to entice a response or no response, basically giving itall the instructions to create the email EXACTLY as you envision it specifically for you, it will no longer look like that generic email. Then it can spit out a v1 and you can keep refining it as much as you want without ever having to write the mail yourself.

  
Now if you know how to write emails, AI then becomes your assistant because you can take a basic template or even a detailed one and remove things, keep certain things, rewrite certain parts to appeal to emotion and garner sympathy etc... that's the equivalent of at least understanding the basics of whatever language in programming while having AI to back you up vs simply saying, ""here, create another version of x from scratch""."
1lji8lm,comment,nmd2aa7,nm4rupq,RemoveHealthy,,2025-10-31 20:52:29,1,"Why do you compare writing email and coding? :) Email is super abstract thing that needs no precision. Coding is super precise thing, that is why we can't code with human language. AI is trying to be that bridge between our language and coding language, which is cool but it can't solve unique problems. So when you will start making unique ideas AI will fail you 100 times out of 100 times. I like to make comparisons with images. AI can make you any illustration you want, because it has millions of examples. Now if you ask AI to create a unique car with unique door that opens up in unique way and show few images from different angles and precise blue print how that door works. It will fail every single time. It can't think. You can prompt whatever you want it will not solve that problem. Same with coding, if you are making whatever was done billions times sure it will find examples but once you will reach parts with unique problems you will be stuck and no prompting will help you get out of it unless you actually know how to do it yourself"
1lji8lm,comment,mzk0nu9,1lji8lm,CommandObjective,,2025-06-25 02:14:27,3,"I think so, for the following reasons:

1. The joy of learning a new craft
2. For a deeper understanding of what the AI gives you
3. For being able to spot errors in either execution of the program or in the code and possibly fix them yourself without being dependent on the AI getting it right
4. Depending on what languages and frameworks you are working with, the AI may or may not have a good enough mastery, and unless you want to wait for it to catch up (which can take quite some time), you could deploy your own skills to implement your feature or fix the bug you are dealing with."
1lji8lm,comment,nm4tjda,mzk0nu9,Present_One_9426,,2025-10-30 11:40:13,1,"I think the error part is the biggest thing right now. I experimented with this, I started a quick project and wanted to import data (pandas) and it wouldn't let me. Now, I knew the issue but wanted to see if AI would pick up on it and how long it would take. After several screenshots of the error when i tried to import a CSV file it never picked up on it. Now I'm sure with maybe 10-20 more tries, maybe it would have but noticing that the VenV, interpreter and a new SSD wasn't in sync is very basic lol Some of the error issues would take AI 40 minutes of trial and error while you could figure it out in a split second which is why AI is best used once you have at least a foundational-level knowledge"
1lji8lm,comment,mzk27w7,1lji8lm,macstar95,,2025-06-25 02:21:44,3,"In the future, we are only going to do what we enjoy anyways so why not if you enjoy it? Learn AI development or game design .... or both. Be the first person to create a AI game engine fuck it. Have fun!"
1lji8lm,comment,mzrhonh,mzk27w7,theschiffer,,2025-06-26 04:33:44,1,That's an unpopular but quite optimistic view!
1lji8lm,comment,mzrnnqt,mzrhonh,macstar95,,2025-06-26 05:01:41,1,"I see the future going in 2 directions, extremely dystopian which in that case nothing matters anyways -- or we figure out our shit and are able to work and do what we love."
1lji8lm,comment,mztu7pr,mzrnnqt,theschiffer,,2025-06-26 12:33:47,2,"I see your perspective as overall optimistic, since in the end things tend to work out one way or another, and there’s only so much we can control. Personally, though, I have this persistent feeling that things will eventually settle somewhere in the middle -not a utopia or a dystopia, but a messy reality with both upsides and downsides. At the same time, the rise of AI will likely bring significant disruption for most people. Uncertainty, difficulty finding one’s place in the new world, job losses, forced career shifts and possibly widespread unemployment. Also, we don't know what kind of UBI will be available (if any) and how livable it's going to be."
1lji8lm,comment,mzuapr1,mztu7pr,macstar95,,2025-06-26 14:52:24,2,"It's the only way I can move forward. 

That's a big possibility. A big movement for AI right now is to replace the ""behind the desk"" jobs and the rest with rest for humans so we can maintain dignity. 

The problem with all this is how society/the economy is structured. Ideally, we don't have a good environment for us (humans) and ai existing together. We have a capitalistic world, build on ego and greed. Which if any hyper intelligent being is to rule, they will realize we are ants. 

We need to focus on progress in a healthy way, which unites us and we might be able to work with AI. That's my rundown in a nutshell. It's depressing but also very motivating."
1lji8lm,comment,mzk89up,1lji8lm,Fox-Buddy,,2025-06-25 02:50:17,3,"Yes. You need to learn it, to learn abstract thinking and the ability to edit generated code on the fly. Software has to stay flexible. Changing and optimizing generated code will be the key skill for the vast majority of software engineers. 

  
Designing Architecture and Systems with data pipelines will be the key skill for the very experienced engineers. 

So the point is: 

The Abstraction of a real world problem, to a flexible and fragmented Solution in a Software System, that consists of multiple abstraction layers is the true job of a Software Engineer. 

  
But you can only learn this if you gather an enormous amount of coding experience. It will not be possible to learn navigating througth abstraction layers without much coding experience"
1lji8lm,comment,mzk9qvl,1lji8lm,jeveret,,2025-06-25 02:57:24,3,"I look at ai as a force multiplier. Humans can hold 2-3 ideas at most in their head at the same time. Ai can do millions, but it still is terrible at creating and managing a single idea. So long as you feed it a basic “good” idea, it can do “wonders” with it. But it’s fundamentally important that you understand how each individual idea works and what makes it good or bad. So long as you can understand the single core  concept and how it relates to others, then ai is an amazing tool to expand that ability nearly infinitely. 

But atleast today, it still requires a human to guide it. Think of yourself as a manager, and imagine having a manager that has no idea what you do or how you do it…

Now imagine a manager who is not nearly  as productive as you are at your job, they are really slow and not technically capable, but they really understand fundamentally what you do, and what you need to to do it, and can use that understanding to manage an entire workforce employing that deep understanding of the work."
1lji8lm,comment,mzkahlk,1lji8lm,SpookyLoop,,2025-06-25 03:00:56,3,"&gt; I don't plan on becoming a software engineer. My goal is to build small projects and tools, maybe even prototypes.

For you, honestly no. This field has always had hobbyists who know how to write code, but at a very high level of abstraction where they don't really know what's going on. AI is making it easier to be this kind of person.

For people who want to work on large projects and earn money while doing it, yes."
1lji8lm,comment,mzl3z0z,1lji8lm,skizatch,,2025-06-25 05:25:14,3,Learning to code is learning technical problem solving skills. That won’t become obsolete.
1lji8lm,comment,mzk6l29,1lji8lm,BigMagnut,,2025-06-25 02:42:23,2,"Honestly no. You just need to learn logic, mathematics, and exactly what you need to learn to solve the problem you're trying to solve."
1lji8lm,comment,mzk9ux6,1lji8lm,uptokesforall,,2025-06-25 02:57:57,2,"i dont code but i still have to be able to read snippets of the ai code to be able to say ""are you actually testing this or just hard coding success?""

because when the ai cuts corners it's cutting straight across"
1lji8lm,comment,mzkbq6a,1lji8lm,heavy-minium,,2025-06-25 03:06:59,2,"Depends on what you think coding deeply is, so I'll make a definition here. 

Most programmers work on Line Of Business applications, data entry, web applications, SaaS platform, websites, process automation, etc... In those jobs you rarely get the occasion to work on something that truly goes deep. These are the jobs that probably would get replaced by AI first. Don't get me wrong - there are many interesting challenges here too, but they are not necessarily coding challenges.

The jobs where you go really deep into coding are less abundant. It's the stuff like writing a compression library, databases, software development tools, game development, simulations, or writing libraries/frameworks that will end up being used by somebody who doesn't go deep into coding. For those things, AI isn't really useful right now. That's even more true when the stuff you are working on is highly interactive or an unending thirst for more complexity/higher-quality. Game development would be an example - it's too stateful, you have a lot going on and a game loop that will run at least 60 times a second - AI may not even be able to think of what the output of a vertex/fragment shader might look like, and neither for a simulation where you have code running on the GPU dispatching draw calls to the GPU. And even if AI was able to replace certain work, it would only lead to even more complex games because we always want even better and more complex games.

So my answer to the question would be that you might not need deep programming knowledge anymore for the first kind of job I mentioned, but you will probably still need it for the later. 

And my thought on the overall topic is that the future with AI will probably suck for pure coders that don't enjoy the other tasks going around in software development. However, the more you love about software development in general (and not just coding), the least impacted you will be by future AI developments."
1lji8lm,comment,mzkdyex,1lji8lm,Aware_Sympathy_1652,,2025-06-25 03:17:37,2,If that’s your only goal then probably not. But it will make it much more enriching and allow for more down the line. It’s more about your personally curiosity… just because I can listen to a book on tape doesn’t make linguistics any less interesting.
1lji8lm,comment,mzkii8c,1lji8lm,grahamulax,,2025-06-25 03:40:01,2,"yeah! I didn’t know shit years ago and not knowing concepts and what can be done and what workflows and how things connect really helps you connect “ideas” in your brain to make any sort of workflow. Otherwise, it was a lot harder when I knew nothing, no naming definitions, modules etc really basic stuff and it just got MESSY! 

It’s good to have a critical thinking brain. You can invent things much easier and connect the dots on not just programming but other things that could relate to it. 3d printing, pcb, soldering, electronics and energy, building structures, plumbing. Like… oh man. You can do anything! 

The fun thing is, I just have AI teach me as well when I make scripts. Like why does that happen? What does this like do? You can ask a million questions (double check if it’s correct by asking it to go online etc etc) and not feel embarrassed or wasting a professors time. 

It’s amazing, but yeah the scary part is when it exponentially explodes which will happen, then us as humans will never catch up. Regulations are needed for that, and no one is doing anything but the opposite in that part."
1lji8lm,comment,mzl1tys,1lji8lm,DonkeyBonked,Developer ,2025-06-25 05:14:46,2,"Absolutely, this is in fact why I've been an early adopter of AI. AI is not replacing engineers, but it will replace some of them by allowing better ones to be more productive.

Use AI to be a better engineer, not a lazy one, and you'll be just fine."
1lji8lm,comment,mzl6330,1lji8lm,Key-Balance-9969,,2025-06-25 05:35:44,2,"I'm learning Python, for various reasons, but using it within AI is one of them."
1lji8lm,comment,mzl8ah3,1lji8lm,Naus1987,,2025-06-25 05:46:41,2,"Here's the big-brain answer to your question. What is your end-game boss. 

If you want to provide value, then you have to figure out who you want to sell your value to. And then figure out what they want. 

If you want to learn coding, but you're eying a company that's jerking off to AI then you're being dumb. If you're eying a company that's anti AI then it's smart. 

If you want to code just for yourself or run your own company, then go balls deep. 

=================

As a professional and traditional artist for 30 years. I can tell you that having learned to draw and knowing how to draw greatly improves my ability to use AI art. I know how to prompt things better with creative experience. I didn't know how to phrase that. But if I want to render a pose, but don't know the pose. I know other poses similar and can tweak it. 

Additionally, I can straight up draw character outlines and have AI replicate it with better detail. I can also pin-point edit specific details and make touch ups and clean up errors without messing with anything else. 

I think a traditional artist using AI will be able to run circles around a non-artist using AI.

It all depends on what your goal is."
1lji8lm,comment,mzlp3oi,1lji8lm,DamionDreggs,,2025-06-25 07:16:20,2,I think learning how to use AI to build software IS the new programming.. learn to do that deeply and you'll be fine.
1lji8lm,comment,mzm06s2,1lji8lm,HelloVap,,2025-06-25 08:17:55,2,Yes dude and don’t let anyone tell you otherwise
1lji8lm,comment,mzm0qxf,1lji8lm,rt2828,,2025-06-25 08:21:13,2,"Actual coding will be done by fewer software engineers focused on overall architecture and design. This will require those who understand the goals of the business, can think clearly about which tools to bring together, and to solve integration and scaling challenges. But clearly basic coding will no longer be relevant. So focus on the concepts and learning about how to combing the different tooling in a holistic way. Don’t sweat the details. Just 2cents from an older guy. Good luck!"
1lji8lm,comment,mzmrmy3,1lji8lm,bikingfury,,2025-06-25 10:56:35,2,Programming is not so deep to begin with. You just learn the fundamentals and then dive into some frameworks you want to use. I would consider deep to program assembly and write Kernels etc. Don't have to go that far unless you want to write your own OS.
1lji8lm,comment,mzn0cet,1lji8lm,stuffitystuff,,2025-06-25 11:53:07,2,"I've always been a mediocre programmer but using hundreds or thousands of tools, processes etc over a 20 years gives you the strong opinions to keep that broncin' AI buck in line with tour goal.

So at least do something like read Code Complete or try and get a handle on the way things ought to be if you can.

Buuuut even if you don't, you'll probably still do great."
1lji8lm,comment,mzs5lql,1lji8lm,Blablabene,,2025-06-26 06:33:45,2,"It goes hand in hand really. It's never been easier to learn how to code. Even if AI will be able to do 90% of it, you'll benefit, and set yourself apart with those extra 10%"
1lji8lm,comment,n13q6o5,1lji8lm,sigiel,,2025-07-03 18:32:37,2,"Yes, ai is very good as a coding assistant, but hallucinate function all the time, learning to code cut your debuging time by 90%"
1lji8lm,comment,mzk3kjd,1lji8lm,Gullible-Reindeer308,,2025-06-25 02:28:04,1,"I feel the same way. I’ve only taken 3 CS courses and so far that has been enough to be able to understand the code AI generates and being able to read/troubleshoot as needed. Given very simple coding projects, nothing complicated."
1lji8lm,comment,mzkc3r9,1lji8lm,DanielOretsky38,,2025-06-25 03:08:47,1,Nope
1lji8lm,comment,mzkgfx5,1lji8lm,noodlesSa,,2025-06-25 03:29:28,1,"I would focus on retro scene, like Commodore 64 games and demos. AI will be pretty useless there for some time, all focus is on current technologies. Besides, when you can program these old machines, you will also do a good job with new technologies, because you will feel CPU flow as it is executing your code"
1lji8lm,comment,mzkhqop,1lji8lm,SF_FFS,,2025-06-25 03:36:05,1,"If you want to be in control of what and how your projects work, then I suggest you learn to code. It’s fun and rewarding. And will help you when Ai makes mistakes that break the entire thing, and you’ll surely want to check the code it writes to make sure it’s not doing anything malicious."
1lji8lm,comment,mzkn17z,1lji8lm,Funny_Translator_744,,2025-06-25 04:03:55,1,Learn for debugging and logic
1lji8lm,comment,mzkv045,1lji8lm,chefdeit,,2025-06-25 04:42:35,1,"In the context of your question, it's useful to think of AI as some next-level compiler. With modern highly optimized compilers (or interpreters), most programmers need to be aware of the assembly / microcode / CPU implementation specifics only vaguely if at all (and those who do more than that, will always be in demand at a high multiple of a plain vanilla programmer's salary).

Leveraging AI, you'll still need to stand between the normie human and their machine - and the cognitive gap between those two will be ever widening, hence increasing the value you can potentially add if you're good. You'll still need to understand what makes good code and what makes code that sucks, at both the human end and the machine end.

You'll need to understand how to leverage the strengths and mitigate the weaknesses of your ""compiler"", ahem, AI, to get there."
1lji8lm,comment,mzl37os,1lji8lm,sporbywg,,2025-06-25 05:21:29,1,"It is worth it, because AI is 'advancing fast'. NEXT"
1lji8lm,comment,mzldfco,1lji8lm,AppointmentMinimum57,,2025-06-25 06:13:06,1,"If we truly had ai sure.

But we don't we got llms they arent intelegent and just can't get all the details right if the task is complex enough.

They sure as hell can save you alot of time but if you don't know why stuff does or doesn't work it can also lose you alot.

By not atleast learning how diffrent code solutions fit together you will always be limited to simple stuff.

And this is coming from someone who tried the not learning to code route."
1lji8lm,comment,mzlhmnj,1lji8lm,Mean_Wafer_5005,,2025-06-25 06:35:43,1,It is always worth knowing how to truly do your craft.
1lji8lm,comment,mzljtws,1lji8lm,definitivelynottake2,,2025-06-25 06:47:57,1,"Make the AI write detailed comments for you to learn, also you need fundamentals/advanced fundamentals to effectively prompt AI to code well.

E.g prompt AI to create a simple python game. Then ask it to add detailed comments to the code so you can learn and understand (gemini 2.5 with 1M context works best) then study code to learn."
1lji8lm,comment,mzljva4,1lji8lm,HVVHdotAGENCY,,2025-06-25 06:48:10,1,Yes.
1lji8lm,comment,mzlsjqr,1lji8lm,kyngston,,2025-06-25 07:34:56,1,"Increasing productivity means fewer people are needed to do the same work we do today.  But better accessibility and lower costs can also drive up demand if demand is elastic.  This is known as Jevon’s paradox


Example:

Let’s say new technology makes air conditioners twice as energy-efficient. You might expect electricity use for cooling to drop. But:
- People might run them longer because it’s cheaper.
- More people might buy air conditioners because they’re more affordable to operate.
- Businesses might install more units, expanding use.

The result? Total energy use could increase despite each unit using less."
1lji8lm,comment,mzm40v7,1lji8lm,Curiousman1911,,2025-06-25 08:40:12,1,"AI can cook the meal, but if you can’t taste the sauce, tweak the spice, or tell when it’s burning — you’re just the waiter, not the chef."
1lji8lm,comment,mzm98f3,1lji8lm,Singularity-42,,2025-06-25 09:10:13,1,"As long as you don't care about having huge, perhaps catastrophic security gaps and subtle bugs you just won't know how to fix. But honestly this may not be a big deal for you use cases like internal tools, etc., stuff you don't deploy publicly. Also, the AI will get better of course.

But as a new marketable skill it's probably done. I feel bad for students and juniors, it takes a long time to get actually good at it and if you are not good already the train has probably left and won't ever return. What will be needed is experienced devs that will be able to review AI generated code. But even for us the job market is terrible compared to what it used to be..."
1lji8lm,comment,mzmg1jr,1lji8lm,nuubuser,,2025-06-25 09:49:06,1,You need to know the foundations. You design and Let AI do the development. You can’t design with zero knowledge and experience
1lji8lm,comment,mzmjlub,1lji8lm,jordanwebb6034,,2025-06-25 10:09:08,1,As someone who’s experimenting with using chat gpt to write code for me because I don’t know how to code; yeah trust me there’s a long way to go before you have to start worrying about that
1lji8lm,comment,mzmp6i8,1lji8lm,MoulesFritesE,,2025-06-25 10:41:32,1,Learning is always worth it
1lji8lm,comment,mzmw17n,1lji8lm,HarmadeusZex,,2025-06-25 11:24:30,1,"I think its (AI) kinda hit saturation point and not going forward but maybe just at slower pace. However your question is just strange. Just do it if you want to. Weird, makes you look very dumb. All or nearly all AI related topics are super stupid."
1lji8lm,comment,mzn7o4q,1lji8lm,SnooCheesecakes1893,,2025-06-25 12:46:06,1,Yes. Knowing how something works makes you capable of using a tool that automates it effectively.
1lji8lm,comment,mznav79,1lji8lm,Phine420,,2025-06-25 13:10:57,1,Recently got an ad “unemployed? Learn python” and I was like maybe that’s not the best time to go this route
1lji8lm,comment,mznjjbi,1lji8lm,Several-Parsnip-1620,,2025-06-25 14:24:49,1,Absolutely
1lji8lm,comment,mznnexc,1lji8lm,victorc25,,2025-06-25 15:00:09,1,"Who do you think has better chances of getting a job, a random person with no programming knowledge using AI or a  professional programmer using AI?"
1lji8lm,comment,mznribb,1lji8lm,Z_daybrker426,,2025-06-25 15:39:34,1,"There is a point to 85% where the llm can no longer help you and it’s up to you to figure out a method of implementing something as code. More specifically I was doing some stuff so I could get websockets which is like a 2 way connection you see it in all multiplayer games scoreboards. in my system. 

EVERY SINGLE TIME I GAVE IT TO AN AI IT DIDNT DO IT. 

No matter the prompt engineering It just didn’t do it properly. I eventually gave up and did it myself. That was a few hours of my life that was simply gone. 

As I’ve become older. I’ve realised how junk llm code can be. It can work but be absolutely terrible. 

It’s a blessing to have it but it still isn’t at the point where it beats programmers. If you are ultimately interested in llms and their development or adopting it as your little assistant don’t look at benchmarks use it and if it works for your use case then great use it. 


TLDR: probably better to just learn to code and use llms as helpers not your main tool"
1lji8lm,comment,mzoeoxx,1lji8lm,vaitribe,,2025-06-25 19:14:44,1,Focus on being a developer more than a coder
1lji8lm,comment,mzogq4g,1lji8lm,BusinessAcceptable54,,2025-06-25 19:29:48,1,"As long as AGI isn't in the picture, yes. But whether it's still worth being in the software industry? That's a different question altogether"
1lji8lm,comment,mzos7ds,1lji8lm,tvmaly,,2025-06-25 20:45:34,1,The human mind is still superior for creativity. It helps to know as much as you can about coding to be able to use models for very complex coding projects.
1lji8lm,comment,mzqmq1n,1lji8lm,GreatTechGamePodcast,,2025-06-26 02:06:29,1,"Yes, but you will of course need to make sure you are learning how to be innovative and experimental with coding. Just doing the rote learning will not be valuable anymore."
1lji8lm,comment,mzrb65k,1lji8lm,sonofchocula,,2025-06-26 04:03:00,1,"You’re going to get a lot of fear based opinions here. The reality is, no, you shouldn’t go overboard with any 1 language/framework etc. at this point.  Study proven design patterns, learn enough to understand what the code does, and educate yourself in specific ways as your projects dictate."
1lji8lm,comment,mzsyqte,1lji8lm,cpt_ugh,,2025-06-26 09:15:53,1,It is never wasted effort to learn something that you enjoy.
1lji8lm,comment,mzt90ha,1lji8lm,[deleted],,2025-06-26 10:14:16,1,You? No. 
1lji8lm,comment,mzu8pom,1lji8lm,Majestic_Award_6063,,2025-06-26 14:34:01,1,"The thing is anyone who learns ai they will survive this ai apocalypse.Others who don't adapt they will fall no matter how experienced how much depth they have in coding.Its a 4th industrial revolution and in backend 5th industrial revolution also building.So some jobs will be permanently destroyed.So many new jobs will be created  just like any other industrial revolution.

Since you are complete beginner you are in great position.Take coding seriously.Learn python first,the heart of ai.Learn by practicing even a small if statement.Then pick one ai/ml engineer,AI agent developer,RAG developer,fine-tuning developer,prompt engineer,data scientist any one.go into the depth.And current software developer/engineer who have experience in applications building they have a very big solid foundation.just they have to pick up ai also not just ai chatbots .Beyond that."
1lji8lm,comment,mzuxj5c,1lji8lm,eniolagoddess,Founder ,2025-06-26 18:30:53,1,Please dont waste your time and energy. Not worth it.
1lji8lm,comment,mzv0kzq,1lji8lm,Chanda521,,2025-06-26 18:55:42,1,"Recently, I have also been trying to build applications with AI programming, of course they surprised me, but I gradually found that I need to spend hours on a small interaction or function due to no programming knowledge, I think AI programming can help us build a large framework, but about the aesthetics of the UI and the functional logic is more important, and if you don't understand any code, it will make the application less perfect, especially the more complex programs"
1lji8lm,comment,mzv9ug9,1lji8lm,sycev,,2025-06-26 20:02:08,1,learn to be a plummer. seriously
1lji8lm,comment,namg98i,mzv9ug9,Lavendar_Panda,,2025-08-26 02:04:53,1,Or become a physical therapist as I am and get paid to travel the world and have all expenses paid and get a nice paycheck.  My fascination with AI healthcare and AI ethics in healthcare is getting very big. That’s my goal. Love the future of AI in healthcare
1lji8lm,comment,mzw6t8w,1lji8lm,thatbitchleah,,2025-06-26 23:00:40,1,"So far the only difference I see is that instead of paying for boiler plate template code or spending so much time researching a problem ai is a shortcut to solutions and problem solving, making the person doing the job more effective.  When we build software, we implement frameworks and apis .  Depending on the usage requirements of those dependencies, coding practices and framework specific syntax can’t usually just be known.  It has to be researched.  So instead of pouring over their white papers for a day, and assembling the functionality from scratch, I can ask ChatGPT for an example.  That’s an effective way of reaching the same goal with minimal effort.  You still need to understand how coding environments work, how compilers, interpreters and operating environments interact with your project, and how your solution accomplishes the goals in your project scopes.  In business applications,  you will often have desktop software or crm integration with storefronts and communication channels.  Yes. Learning the business, best practices, and fundamentals is absolutely still worth your time."
1lji8lm,comment,n3cshvp,1lji8lm,Sweaty-Recognition77,,2025-07-16 07:36:22,1,After watching 2027 ai I would say all programmers regardless of how good you are will be out of a job within 5-15 years. Once these company’s start selling A.I agents and once those agents get good enough to start developing the new agent it’s all over.
1lji8lm,comment,ncc0r6u,1lji8lm,xMunificentx,,2025-09-04 15:13:32,1,"No, AI is faster than a programmer, it's only good to understand the code and how its structured though."
1lji8lm,comment,ngwwoxs,1lji8lm,OrangutanOutOfOrbit,,2025-09-30 07:03:58,1,"I’m not a programmer and don’t even know how to code. 

I’m gonna get shit for this specially due to lack of expertise, but I’m going to give you my take on AI’s future in general.

I don’t think it’s worth learning it in depth anymore. Just a good amount of fundamentals because whatever happens, you’ll always benefit from knowing how the ‘system’ works and behaves.

But as someone who’s used AI to code algorithms, complex video games, linux softwares, even full shopping websites and modifying web servers, etc I’m going to say that programmers are going to lose their jobs FAR faster than they like to think.

What’s the goal of AI - and there are very few outlandish goals we haven’t been able to achieve, and much sooner than we expected - is to become its own agent.

AI is not a TOOL like many like to say. It’s not like a computer or internet. It will eventually be able to work and improve under its own supervision, make its own decisions and fix its own errors!

If by now, you don’t think we’re heading towards that direction, I don’t think you’ve been paying enough attention.

And no, it won’t take 10-20 or 30 (lol) years. More like 1-2 if not less.

The progress is RAPID. It’s far beyond the rate at which we can even try to adapt to.

Today they say “oh we have no idea how to pull that off” but 5-6 months from now, that has changed.

There has never been such a massive investment and accumulation of expertise by people from all walks of life - most specially state leaders - towards a new thing (and yes, I understand we’ve had AI for decades. I’m talking about the kind that we’re working with today. Otherwise every invention has technically existed for centuries if we want to talk about its very root that didn’t even remotely resemble what it is today lol) . 

That’s because AI isn’t a revolution in tech or tools.
AI is an *evolution* of humans!

It’s the next generation of US, not tech.


I read so many coders go “it can’t even do xyz.” Or “it takes too long” or “it has bugs” or “it doesn’t work well with new languages until the next model”

How far have we come in the last 1-2 years? 
Now factor in exponential growth in advancements and imagine where it’ll be 2 years from now.

When somebody asks “is it worth it to learn xyz” they’re asking about the potential FUTURE of it. So when people respond with how it is today, it tells me that they’re trying to comfort themselves by turning a blind eye to what - by all appearances - seems to be inevitable.


Do y’all really think a few years from now, we’ll still be waiting for the next model to have learned a new language or data? Seriously?
Is that how you really see things in a few years?

Are we not even trying to recognize patterns of advancement?

In a few years, models will be learning LIVE by acquiring continuously growing data on their own.

It won’t be once in a couple months (or once a week as it is today with coding agents!!)

How do I know that? Well, it’s very VERY hard to imagine otherwise. It’d be more of a stretch to think we’ll still have 1 update per month or 2 in the near future.


There you have it. I tried to debunk every single prominent argument for why AI won’t be a death sentence for jobs - specially coders.


Oh there’s one last argument.
“There’ll always be a need for humans to supervise AI because AI isn’t reliable”

As if humans are very reliable or will be even remotely as reliable in a few years lol
But that’s not even the main counterpoint.
You should be able to debunk that one based on my previous points. It’s in the same ballpark."
1lji8lm,comment,nm4ptq8,1lji8lm,Present_One_9426,,2025-10-30 11:15:12,1,"The one thing that's missing from many of these replies is addressing the ""why"". 



If your goals are to build basic to advanced tools for yourself or even basic to intermediate projects, you don't need to know more than the very basics, understanding how to think in terms of structure &amp; problem-solving. At the bare minimum, you should be able to work your way around an editor and clearly articulate your vision to whatever AI or prompt you're using. The good thing is, a lot of these AI Prompts will give you a step by step roadmap. Start there, make changes, and enhance it because this is where you're going to be more useful. Treat it as if that's your team of engineers and you're the project manager. Be clear, concise and detail-oriented because the output will be limited based on the input. Also, be familiar with the basics on the language such as the functions, data types, loops, variables etc... so at least you know what's going on but you don't need to write a single line of code.

  
If your goal is to build a startup or prototype, again, everything I said before applies here, at least to an MVP level.  You won't need to write a single line of code, however, when ChatGPT or whatever you use generates code, you should be able to know what's going on because then it'll allow you to at least tell ChatGPT to make changes to certain things instead of just accepting whatever it spits out. The more understanding that you have of a language, the more quality control you'll have. I know guys who can see lines of code and understand exactly what's going on but when it comes to writing the code to get it to achieve a specific goal, they may struggle. This is one of the great advantages of AI. You can become more of a ""technical"" project manager.

  
Now, if your goal is to become a software engineer or push things to serious levels of innovation, you'd be insane to think AI is sufficient. Furthermore, even if you want to go the Founder route, there's only so much that you'll know about the capabilities of programming languages and this is where advanced logic and even creating concepts from scratch becomes a real thing. AI for the most part will provide you with what already exists. Often, problem-solving as an engineer requires you to combine multiple things that aren't obvious or even logical for AI.

  
So, in a nutshell, surface to intermediate level? Learn the basics and how to think like a programmer and AI can do at least 80-100% of the rest especially the code-writing part.

  
Intermediate to high-level startup or tool(s)? Your knowledge should be at least at an intermediate level where you can comfortably code the foundation or basics of your tools or startup but AI for speed and then edit the code to your satisfaction.

  
The only time I'd say you NEED to be at an advanced and almost fluent level is when you're planning on making it a career. Most clients or jobs don't want to hire a software engineer that needs AI to do their job,"
1lji8lm,comment,npd1w7t,1lji8lm,Agreeable-Degree-814,,2025-11-18 02:55:52,1,"t’s getting harder and harder to see software engineering as a stable long-term career. Sure, you can still make money, but the direction the industry is headed in doesn’t look good. We, as software engineers, helped create the AI tools that are now replacing us faster than anyone expected. I’ve been in this field for 15 years, and until recently I never had trouble finding work. A close friend of mine, who has a computer science degree, over twenty years of experience, and published papers, also couldn’t land a job. We both ended up walking away from the industry and are now starting a business in trucking instead. For senior full stack engineers especially, everything has shifted. The deep troubleshooting, the problem solving, the complex work that used to define the job is now handled by AI. The role doesn’t feel respected the way it once did, even for people like me who were successful in it. In my honest opinion, if you want stability and don’t want to constantly worry about being replaced or burning out trying to keep up, you may want to reconsider this career path. Companies are pushing developers to deliver faster because of AI, and the whole profession is starting to feel more like a joke than a craft. With AI a random person can create a entire application, with a database, backend, and publish it LOL. AI will go gather all the business logic, colors, examples, spin up a server, publish it, host it.... Imagine where it will be in one more year. It would take an entire team to do this. Yes of course humans will still be used but we will eventually just be baby sitting and doing QA work against AI code. I pass after 15 years on to the next chapter. All IT related positions will eventually be replaced and very quickly. Massive layoffs coming and are already happening."
1lji8lm,comment,mzjypmv,1lji8lm,Videoplushair,,2025-06-25 02:05:22,0,Well I don’t know how to code at all but I was able to build a program for my Mac that deals with videography. I built it in 8 hours total over 3 days. Whenever there was an issue in the code I would copy and paste it to ChatGPT and it would refine it until it’s fixed. I don’t know if this means anything to you…
1lji8lm,comment,mzk3f9k,mzjypmv,anuaps,,2025-06-25 02:27:22,2,"This method doesn't work well, if your codebase is huge. It is okay if its a new small project."
1lji8lm,comment,mzkiho5,mzk3f9k,Videoplushair,,2025-06-25 03:39:57,1,Yeah man I’m sure it doesn’t right now that’s not the point I’m trying to make. If you don’t believe me go see what the CEO of NVIDIA said about going into computer science to learn how to code. He said do not do it.
1lji8lm,comment,mzk4fni,1lji8lm,EccentricDyslexic,,2025-06-25 02:32:09,0,"For the future no, for fun and correcting AI now while it needs it, yes. But give it two years, no."
1lji8lm,comment,mzlj96q,mzk4fni,quantumpencil,,2025-06-25 06:44:47,1,It will be much longer than two years. Try 20 years.
1lji8lm,comment,mzoea7k,mzlj96q,TheRealSooMSooM,,2025-06-25 19:11:34,1,If you keep in mind that ML was there in the 60s..  It's took a freaking long time to get till LLMs and is stuck again now.. Transformer and LLM won't be the answer..
1lji8lm,comment,mzk96gt,1lji8lm,[deleted],,2025-06-25 02:54:33,0,[deleted]
1lji8lm,comment,mzoebm0,mzk96gt,TheRealSooMSooM,,2025-06-25 19:11:53,2,Yes
