content_length,sentiment
8,0.641409703334201
31,-0.6205812844962006
4,-0.7726605893661627
26,0.4618163427972486
22,0.9485741717349179
4,0.0
24,0.5372705237620525
6,-0.6288779588911253
83,0.5056521853600187
26,0.9577024047814251
59,0.9807572721149467
28,0.538042886972218
31,0.9714586854579881
13,0.10792676026100323
14,-0.5723083942742646
18,0.4818266298655811
40,0.42186712658362824
58,-0.9351766527624492
49,0.14656878458949896
22,0.8102207144234339
7,-0.2177765631651556
34,-0.968937432011397
39,0.9789828513594916
13,0.13418044245697525
45,0.3564411519955568
11,0.6375503321792835
19,0.9486974888576931
22,0.21621911488213197
509,-0.9999994752467916
93,-0.11774980506107502
179,-0.9997148125520354
38,-0.41761167731323967
133,0.9997284304892224
31,0.4771992648509715
25,-0.02396716553629452
67,0.9483472590635873
17,0.1334362703787626
87,0.9726095633446337
65,-0.3311942456125001
7,-0.26854861369698946
31,-0.8423265611125077
14,-0.6150210616363152
20,-0.9966720181262139
2,0.6000000000000001
24,0.08179094345654536
23,-0.2615055918525946
39,-0.5887798014168744
37,0.7498138161524766
64,0.7860330567876328
71,-0.9944081199327692
51,-0.9976427756592874
30,0.4953335004308286
108,0.9994013443185581
28,-0.8107433801589539
9,0.6987275753607656
32,0.3506008353492116
67,0.2311744257091748
32,0.8998825561886223
48,0.9515983721605508
71,0.8401665845195121
42,0.7052877824357697
87,-0.8130218583180728
53,0.9861668905717051
35,0.6612042417609105
97,0.9997911486625295
32,0.5384576887055423
18,0.6361620065261122
16,0.9647843695782492
55,0.8595732036469508
94,0.9942524645302016
53,-0.6836248892574992
102,0.41527091371365676
35,0.5272208522064963
12,-0.16663893509462424
271,0.9999999479278334
5,-0.37916781261765387
30,0.5125474527524958
40,0.997770518068573
25,0.9074888772825978
20,0.5885940889062422
134,0.8777323536801083
98,0.9499831879099876
34,0.961739986949677
254,0.9999999999999996
33,-0.9290906768442313
19,-0.6835583614102014
42,0.9918461020058624
28,0.9863246237410968
42,-0.811652776774765
50,0.9991879547875251
34,-0.3883729167108487
19,0.2664096503844
62,-0.9982492812782509
16,-0.9436688726067008
34,-0.3843445124105864
2,-0.23587534956204914
40,-0.046598586020133226
24,-0.29906528027988744
127,-0.6846240629345115
101,-0.9935668690029202
8,0.14397735702132786
45,-0.8924567907255936
20,0.21435223738585973
47,0.956228421766903
39,-0.937600802295073
23,0.7418840000857678
12,0.42943609218583045
41,0.6384023729558284
11,0.2792711939925643
29,0.8091534623089554
72,-0.9941562644004716
33,-0.9460588051103633
23,0.5849014593415345
35,0.9813810942707224
16,-0.6933289914545384
31,-0.7178382435997743
26,0.886456194377437
43,0.34432915869512914
14,0.6698537839832548
25,-0.5856513862242099
28,0.7906757983949968
46,0.9977284429797197
61,0.9767904534260392
41,0.10813673262089996
54,0.6091337950467044
4,0.052465563615616606
23,0.6525777333039096
152,0.9791872837320013
88,-0.2558625242626036
35,-0.8562074697754907
47,-0.7034045950797225
69,0.7872744705595238
45,0.9760198337210189
23,0.9033518259615831
68,-0.14028492883377508
39,0.9373223678925933
97,0.7510316601860278
86,0.9991542799224566
12,0.8704601238423706
97,0.9918834561934218
12,0.30409754975872927
20,-0.9031297975175807
24,-0.32904456850141406
39,-0.0835804777503788
30,0.8091218894841274
71,0.4493713868401432
43,-0.9931743991691959
35,0.9699657272629545
75,0.9990155690866616
7,-0.04390403889465522
9,0.32940569851991497
57,0.9884564249365291
37,0.6128915843995539
35,0.7570332144244922
60,0.6401179727307151
24,0.3096172405673081
170,0.995567572097704
12,-0.35575615178172715
13,-0.42963807957370803
25,0.24162869448081348
56,0.9383918971199119
9,0.0
44,0.32114075093154915
48,0.19785812343054165
282,0.9999999999997442
52,-0.24966008285398567
112,-0.7441274595655751
13,0.36474088677830263
91,0.5744108388531031
23,-0.6826336782009417
36,0.908874756728272
50,-0.9992479082675669
26,-0.9227867787772528
275,0.9999999969758049
21,-0.613777732933503
16,-0.7237840948181271
11,-0.7935961755523544
289,0.9932267269280062
150,0.9980048829565504
45,-0.9112283711298328
60,0.481541766010289
35,0.998420724572614
43,0.38409026031873506
31,0.9853750737807894
25,0.9839190261873267
65,0.8639921308830281
56,0.7621200308850271
22,0.9943946606959224
39,-0.8970593313336366
45,0.3755726937262698
10,0.5495984185188019
66,-0.8183814792653068
67,0.6326914962705248
37,0.029850088309904432
23,0.8507301664568225
27,-0.8755940411076875
8,0.9708091521338127
12,0.7770043394717463
34,-0.7787695198932771
215,0.9999999040527172
56,-0.31896135810687687
57,0.9993691141857077
19,0.6727786064157528
22,0.9672172578962379
36,0.9959296731755822
25,0.971781629673814
22,0.7829277816689122
47,-0.3380760766799691
23,0.0512535919236754
16,0.9235955103723763
124,0.9997791868737571
37,-0.16160740203424417
51,0.737194549337645
38,0.9546213639067873
12,0.22864255013875434
61,0.9287213616699781
86,0.9965946137453452
20,-0.2823324501438529
218,0.9999999999998153
95,-0.44094210869058936
22,-0.9260962125381371
45,0.9999799316745768
76,-0.9877507519873303
21,-0.8590805536797814
89,0.999999810983629
93,0.9423962915494692
44,0.977485112011103
23,0.24720030577900154
36,0.6765976112698038
18,-0.5352961968831824
57,-0.8827712291120171
91,0.6495091041055121
102,-0.44191029429111195
99,0.9983011458950031
68,-0.8403844148581574
12,0.0
82,0.9910026894896482
46,-0.8788125074480022
112,0.8783748200407675
24,0.9511010304459229
43,0.999201815841968
32,0.9814436745797934
13,0.8084064765099828
15,-0.7417851262103843
77,-0.7979812206744785
140,0.9999997600052555
115,0.999999342608118
2,0.7993311036789295
139,0.9962433534042747
4,0.16666666666666718
21,0.9941778197616598
53,-0.968121225755262
102,0.9225792520166074
34,0.8515847610695018
31,0.8856491678042739
37,0.9733005785224289
57,-0.38546809869780496
8,0.8855402198538285
191,0.9999999999930234
13,-0.1879289794038279
32,0.617468415446792
8,0.9811611217807046
4,-0.26121781773600317
103,0.9978576540271487
25,0.41261439769917563
36,0.7394402521991745
87,0.9286334744701208
64,0.9999854872130873
67,0.9997437401413027
6,-0.08767264483114068
52,-0.5418788505816798
25,0.5277759058293414
12,-0.21866713571065
23,-0.7947435862611802
16,0.9846964820877204
27,0.9277823534809913
46,0.9591242944837852
35,-0.4288133549484445
120,0.9990682903780324
10,0.7983810463395162
73,0.9088996465125148
9,0.1080991056556857
179,0.9999984415603536
38,0.9999829538570724
35,-0.07315206856220002
171,0.9888188564817395
17,0.8134631899867508
25,0.9532362373831917
24,0.9483870610549918
45,0.9929182281236437
83,0.9918897109437566
12,0.855639305149761
6,0.0
12,-0.2330521624457529
17,0.5130791277703488
28,0.9902324965572615
131,-0.748526101855904
6,0.4245969037888573
42,0.8059813476864424
27,-0.962943586186215
43,0.9391798977174863
48,-0.8533453182709287
16,-0.9746476445244077
21,0.22259068269868876
29,0.9890788275462241
13,0.30985361180023774
82,0.23741158437559595
80,-0.01613068522400174
5,-0.2498439231666414
68,0.9999903649224744
195,0.999999990633305
33,0.33576236853531394
6,0.9756844961358366
18,-0.8921182805575116
2,0.9285714285714286
48,0.35236056420985307
152,0.9999998782228887
64,0.9901603616717825
84,0.8960593363410467
28,-0.8506106272785579
52,0.9999070698621308
33,-0.8604251373637131
22,0.38171746208306034
46,-0.027140088280477315
39,-0.6129724519886419
22,0.8696825284805523
17,-0.8929153192370107
119,0.9998547941078266
17,-0.682910893474808
142,0.9999998056930413
32,0.8095250506194882
60,0.9996514693036271
9,0.0
19,0.5029031356079212
35,-0.9014671020765919
41,-0.9687604843028004
44,-0.9270988730896872
23,0.9988450147249628
78,0.9952419295980837
54,0.9990187605041148
107,-0.09867907775099916
59,0.9962948361613526
24,0.9986454244018741
17,-0.6485099106895036
39,-0.3313723749925577
39,-0.6829168686995499
28,0.953593876029097
49,0.9415051531208645
44,-0.9769190987323855
17,-0.12308878595598216
73,0.9964986805887903
49,0.8148831815518074
89,0.8771590779798641
84,0.9955271776350378
4,0.09262109027748933
38,0.9952148955786411
16,-0.3994588091023985
35,-0.45153005456581785
36,-0.7783674699332348
127,0.9997038954318938
34,-0.882540174026831
13,0.8274474147216011
19,0.41795737995877325
58,-0.8242226929570231
491,0.9999999999892202
157,0.999999757664026
118,0.9999274270889631
76,0.29990676005350814
107,-0.09652955763129989
104,-0.9709693116613103
60,-0.9996683747603337
84,-0.5456784183746004
35,0.9973463026604183
112,0.9999258382903031
58,0.47371263698621946
24,0.9235477888348025
7,-0.6851263044914411
19,-0.24638687466799714
39,0.6844161047936779
232,0.561833089282175
27,-0.7610823219665104
50,-0.22993736752017657
25,0.5674297949944693
24,0.5529703923699554
3,-0.18916572067905713
13,0.8703140344471771
8,0.955645825056133
13,0.8703140344471771
33,0.9909997009620339
37,-0.6760535058080153
4,0.6000000000000001
42,-0.7923194555522182
22,-0.52083475073495
14,-0.0463565419646601
49,-0.6964632007351723
11,-0.5745801631353706
26,0.7045711018617433
17,0.3957947977498686
18,0.8932217851257656
28,0.9384273803882441
9,0.6492177372892696
28,-0.1816525776694653
66,-0.7505404264705116
13,-0.18048447781887011
9,0.0
118,0.9734624302899195
149,-0.7655535967564295
72,-0.44604654442037317
14,0.3199031602366591
117,0.9999999473261609
38,-0.9859935859361943
99,0.9524004171409464
63,0.17843547583065256
49,0.9981494247143607
19,0.9183334327226789
26,0.2819378178292591
39,-0.7968036998990158
63,-0.5705218319880945
69,0.9964998118353956
20,0.34773859779214655
118,-0.9999077746986045
146,0.9966551153866772
51,-0.9978331262358582
75,-0.5668875443540446
34,-0.9682411808094635
51,-0.004962325971893611
27,-0.9862788854928148
41,0.9141039384278526
2,-0.14966304187853274
16,0.3766384436001555
116,0.36582034418185794
208,0.9643577708079458
21,-0.32440138471681745
52,-0.1329724135746162
76,0.9533191151706624
91,-0.4791128203596664
51,0.8137969537264578
52,0.7078076296864382
147,0.9985014237633447
35,-0.8911085779446293
71,0.6243679168897744
172,0.9244484866890368
81,0.03689892061481004
75,0.9967916900307228
55,-0.4281763734863486
10,0.6817308706728522
226,-0.9999801991892217
90,0.9989151926659432
62,-0.2600983219483728
133,0.9999405896387943
64,0.02383531679088935
33,-0.9037091409802969
25,0.8467679446259055
100,-0.25977983931132775
4,0.0
59,0.9389806179253186
75,0.9867217017202305
67,0.7830357459495887
10,0.11867534267962632
42,0.10466030814499105
58,0.9999018960932178
66,0.9349841074652248
103,-0.272273108574135
82,0.9998286859927679
78,-0.8868584567241105
101,0.9451520034926881
35,0.2475320418413336
119,0.9999999998664322
21,-0.9544955012126775
34,0.28542956406706144
32,-0.7458518196168364
125,0.9623918442861574
82,-0.9999994882277004
74,-0.969472619740666
132,0.9984272778624455
158,-0.990541575193256
50,-0.7074325991584351
113,-0.9697562865345577
21,0.6907942036417125
4,0.5870392682273635
10,-0.5964705818370823
112,0.9261120561132783
62,0.991896349985699
35,0.3884374432879749
55,-0.5364331504005382
56,0.5689552600764791
61,0.8580448376286511
26,-0.8364900909119131
13,-0.5019436607963204
19,0.8239059444031336
18,-0.7672790560460547
19,-0.940696739168787
68,-0.20861610363290417
46,0.6912084764707125
13,-0.5561903233166032
55,0.589537932452201
42,-0.983776105010943
47,0.6210974033579713
113,0.996094869401279
42,-0.5654277122039544
47,0.9756311423309028
55,-0.20035253122829366
6,0.052465563615616606
32,-0.70832281346719
16,0.3986802382969812
34,-0.5172014296465448
28,0.7415773395881007
17,-0.49562960407702206
49,-0.3106312828122595
67,-0.9965632282891934
50,0.5164146562818608
102,0.38955917174528176
46,-0.8960174419435047
44,-0.9954211615999184
66,-0.767648327250368
102,-0.09361236484864466
13,0.20503841804573963
20,0.8949559874567277
31,0.11870158067943204
50,-0.06744225888017552
33,-0.972197103202487
82,0.8733593737781251
27,0.7362217100563004
205,0.99978415297946
29,-0.5542030796509385
403,1.0
8,-0.1782079380083481
282,0.9966109037593405
100,0.9999349328770055
86,0.9996234859525708
18,-0.1597334305063174
28,0.9442669060631834
28,-0.7137206213956153
30,-0.6949292151350375
66,0.9972426187595613
115,0.989351956773201
60,-0.4296285601816061
21,-0.9806087226530762
71,0.9839226833057302
178,-0.16724996042710116
26,-0.12703881555116903
49,0.9990777817847001
63,-0.08033735485224569
57,-0.9559074923627615
26,-0.8051589298898292
43,0.5650006791300477
181,0.9999909745449633
70,-0.992541406050955
35,-0.8727554326819047
33,0.18168743581442626
26,-0.77274474346757
61,-0.9339092752260891
40,0.9995506614036493
98,0.9914363746166619
131,0.252526591410285
23,0.7477774360664753
19,0.10826462027661443
95,0.4540963241488163
73,-0.7218719690941948
56,0.9940135735833047
15,0.6990326894902739
55,0.9165103682962408
30,-0.006571025883581161
58,-0.9958609761455024
54,0.8936929626737451
28,-0.8617149944751754
28,-0.8375674321557991
19,0.29416183477160907
45,0.9937509992936844
99,0.9917927732464094
9,-0.7086111244811621
7,-0.12168502339095988
41,0.9633875846034032
46,-0.9930113327633334
30,0.8397487661937726
4,0.052465563615616606
35,-0.45556127820869463
35,-0.062010596332345846
29,-0.8397400499448529
44,0.9958246815665814
69,-0.9460555756944351
200,0.999998512832247
40,0.9999897775445674
384,-0.978601918646028
21,-0.0925701568768329
25,0.9695736058148132
4,0.3201494200241597
44,0.4561312047468349
21,0.2639924528807478
25,0.3337395393303717
37,-0.680900880897956
44,0.7469705619819063
16,-0.3300396656780633
42,-0.6410360583142436
141,-0.9772069676049171
53,0.9715523091289306
37,0.9244167270158339
28,-0.2887239405062707
41,-0.9825278219584344
14,-0.6141084901445091
21,-0.3613496342972289
17,0.9931385804327528
14,0.7736331448884193
14,-0.41527221453825436
161,0.8964338467563175
107,-0.9999396918579968
63,0.9961799090658496
19,0.8419429847633495
27,-0.16327491394158944
27,-0.8214799521717788
43,-0.8229853610914322
20,-0.18901254101261866
70,0.9997238839187932
92,0.9932832285508064
97,-0.9287734853328877
21,0.2672334898674724
144,-0.9999999902065224
76,-0.5743216030522889
13,0.4831043256980794
132,0.9966158151059858
101,0.9972824419845949
9,0.15969674027966207
90,0.9991062543569391
43,-0.800365046565771
53,0.42722668974889033
58,0.14090060921355474
14,-0.10953888339890949
150,0.9995569295462345
29,0.998975948752439
40,0.7519053207366737
40,-0.9665509629855873
23,0.09230235936673248
34,-0.885332616432605
18,-0.7548348555520004
52,-0.5033440964747118
19,0.5695832853351679
24,-0.726034291588316
116,0.9999905170900873
34,0.6935498011592556
39,0.55799588885614
3,0.3117256417880858
22,0.103879079324676
8,-0.009899399973231082
11,-0.874979244562686
15,0.09934655141777049
15,0.8135086947507915
34,0.9651225619825432
2,0.042588283042578334
80,0.9434678787692099
57,0.7040221084554985
3,0.7368421052631582
17,0.6375082576213615
86,0.9999959179958029
3,0.15771577386737867
64,-0.5171047940813391
79,-0.9871997540602069
44,0.994182602577439
106,0.9999735931283062
39,0.8914540256736283
21,0.4855648318645922
22,-0.8221378608393834
13,-0.4939628208300175
22,-0.841478827946329
9,-0.5319340904217229
40,0.9948660022403
23,-0.680317333475889
20,-0.1566840171912316
105,0.9999251922432235
3,0.9337296830961646
24,0.7615144146790642
4,-0.05882352941176405
22,-0.6264718427832188
12,-0.40551745822993235
15,-0.5060138140392145
62,-0.743258703134523
25,0.6942390897693582
10,0.5108040257754751
40,0.9982005251093704
33,-0.13259456607519016
38,0.9912596832074487
14,-0.8004437554236918
50,0.9978737318248678
34,0.9992099870133293
23,0.72284623760417
44,0.9999137585884124
24,-0.9664654650065923
26,0.8270015041584915
12,0.23695550176431923
40,-0.974373303610474
52,0.39272540674398093
25,-0.9335482175724787
33,-0.4096062488229937
22,-0.6277342169254729
21,0.9687558538589269
218,0.7913229285809811
20,0.923440368005894
7,0.9502698546008197
46,0.9837316033261132
43,0.9554625964153951
26,0.07886573508309236
41,0.7543787543763247
159,0.999880975075411
162,-0.9997330250695884
20,0.4092308292580029
206,0.99997852607585
22,0.8898510770271677
26,0.36621273407969124
21,0.7402011002061955
17,-0.4731824415361525
31,-0.23892947487583993
20,0.294720879953013
45,-0.9181557217505274
29,-0.2733528333621633
30,0.9837318852005796
11,0.8851821332787146
91,-0.9863031237242728
29,-0.6941345383664914
7,0.9667122532022083
49,-0.33187522544337167
86,0.9929288980399484
43,0.2952254299910959
70,-0.7318323034323759
20,0.24801285065277523
23,0.9168927692124944
44,0.9925361231125402
40,0.9599406660897039
38,0.30416105019514483
45,-0.1957826992348093
27,-0.47458439824178256
32,0.9921688786099903
17,0.8932986103532592
88,0.9994379140242593
40,0.8570997290093094
27,0.19107235748981455
29,0.8704265961171544
13,0.6873497816344925
30,0.32076266344218607
16,-0.5767021518514048
32,0.9693051279635001
26,-0.05124997298477263
9,-0.3847078794035115
68,-0.5259211354388433
26,-0.4393119722329615
5,-0.6057340336295955
12,-0.12877757877941565
19,-0.2732607838569747
51,-0.6230321319860845
26,0.267257283750719
43,0.21754210843842836
280,1.0
7,-0.22563914389764905
58,0.9961862381933504
22,0.7187120152209194
92,0.33721440026371097
59,-0.9871059591377047
167,0.9467170896311667
14,0.657076234797602
32,0.25148186695778274
25,-0.31018990325140483
16,-0.2450851699884271
36,-0.13034863321500234
22,0.38514233260753916
23,0.5712276520013377
37,0.993711079696761
6,0.4595907810649391
40,-0.4490348003259095
34,0.9887960319665652
35,-0.9171315211156541
101,0.9320379610482588
70,-0.9819297426093416
49,0.6394099904700221
93,0.059664097709840824
29,-0.4172043379346615
3,-0.21945953253231187
16,-0.2363474654454294
52,0.002407201290794525
66,0.8319259479211274
60,-0.8145244258247075
34,0.6378615460076213
20,0.9980072398271245
54,0.9764275876405442
66,-0.9989953858488603
176,0.9902808695726637
194,-0.9004331344871388
232,0.9999996490266689
142,0.05470660130628824
258,1.0
31,0.7562076523275434
36,0.6026171072430297
69,0.4264832685544211
45,-0.13616355243821565
367,0.9067319237625373
152,-0.6502750752570319
12,0.5132648266898494
11,0.5368136024788333
12,0.9913310225082794
20,0.8430346503581456
111,-0.9827396153737815
259,0.9896765096823543
24,0.49138294498751933
6,0.8881470519733514
3,0.046590141796083895
16,0.10656945076063118
67,0.9975819001198514
14,-0.6981325667713614
39,0.8965473543729641
45,-0.45689896344385694
40,-0.16080461017316194
85,0.5676749930458465
24,0.0647092073023745
17,-0.37442263013256216
36,0.9737319961342554
4,0.4247236294594803
77,-0.5968596829494366
37,-0.22838982259416452
15,-0.3316267063115874
25,-0.27239713095814544
40,0.08088996009007143
24,-0.8995168746968034
12,-0.1438119390366457
13,-0.1438119390366457
50,0.7652016176633702
26,-0.22577215836580944
70,-0.6849133292876732
56,-0.9028926399035533
40,0.22948522730668497
36,0.8561821526558833
40,0.22948522730668497
36,-0.7367350189283062
29,0.8977232050650805
22,-0.39743077482471056
54,-0.9065192034445639
33,-0.8699733450969422
3,-0.4782608695652173
105,0.9996350936312532
191,0.9999989436814667
51,0.9951506339790162
24,0.3197644852944368
19,0.41410098074635515
119,0.9748977893289046
20,-0.45197684047211206
86,-0.6794680002790681
46,-0.9962759991861474
24,0.9695141549778112
19,-0.9884995891843362
93,0.897136432705226
25,0.972085356398589
139,-0.8232810674559476
74,0.19988437879242693
18,-0.33917770450034546
15,-0.186190685504678
28,0.9759464945482015
29,-0.3256119605016694
19,0.2552941025004063
115,0.9998920301419134
18,0.6996257383091995
24,0.10353874855371559
19,-0.4500325436364667
10,0.9470780956807179
159,-0.8126611421746579
15,-0.05246556361561838
80,-0.7679295822646197
7,0.5832816065558384
38,0.19269090701618574
37,0.7203613322402789
37,0.7203613322402789
37,0.7203613322402789
37,0.7203613322402789
37,0.7203613322402789
37,0.7203613322402789
63,0.033509906966759706
36,-0.1467766502976
31,0.7321869070928149
42,-0.18042710138623508
65,0.9828557118217729
73,0.806897115186936
76,-0.6252990075868079
37,0.9580762390487978
31,0.9022001813354146
20,0.9726255506434993
84,0.9980542403495984
24,-0.45080800977345903
60,0.9343918744307627
71,0.989685473157907
107,-0.9963956865560926
28,0.8346528865735359
26,-0.2448870877365934
39,0.9549328250080824
25,-0.511448010662888
100,-0.420922806788677
5,-0.49137237401313016
40,-0.9668926620037661
7,0.5653306717788262
24,0.9892431330488445
34,-0.6424883424525849
15,0.8915770235886296
8,0.9376911469787717
4,0.360310835338157
39,-0.8008506969099853
22,-0.2554541890607822
44,0.10336075108457465
58,0.9992825205182863
40,-0.4087136027653058
13,0.923935612442863
20,-0.8667934367371475
55,0.9959444582707879
82,0.43668909338843775
119,-0.9644608957912799
38,-0.7964769999277874
65,0.04233841600929966
66,-0.999813769802772
39,0.998998430602706
38,0.9986984481548142
60,0.9580863874143193
68,0.9780481772929419
56,-0.9933550066746935
31,0.4900634636036898
17,-0.9108090278112275
39,-0.3208036134246357
36,0.6583067716698334
34,0.9809169617573508
18,0.9629316983141898
208,0.9999999999999889
4,0.48940138246413256
12,-0.2567481967057319
4,0.014250948654598306
34,-0.18619622103109323
25,0.15230092871223744
94,0.9952390369755504
17,0.9124165455842523
7,0.11557409789574713
14,0.031879382649318666
64,0.9999094392634957
37,0.5117897344793763
15,0.5186840735952536
8,0.23395301001925306
13,-0.14516900657688736
20,-0.421242534558236
18,0.321100177419964
57,-0.6501505592286416
9,0.9493276172265539
10,0.8477618584403321
25,0.7756941669504889
66,0.9964776723991147
8,0.04937730374274785
28,-0.519466312578617
17,0.8900101430259064
16,0.718938858061134
25,0.27991968681796053
42,-0.15008676306605162
17,0.4266511499729022
17,0.5815486750679033
155,0.9999999956754069
9,0.21406535621404177
3,0.15771577386737867
19,0.3800455465825394
42,0.8936811220176515
7,0.6940371296801413
12,0.04406406244927297
37,0.1291118051782787
90,-0.439837958019611
17,0.9533272873715657
53,-0.9963791753681817
49,0.45700408977373796
7,0.5268084453916211
11,-0.9196079297325499
8,-0.3909388887777059
3,0.0
12,0.726662720037138
573,0.9999317243203729
221,0.9994750143592732
52,-0.8398529976399027
24,-0.9899123854395153
4,-0.18366880356697313
217,0.9995780021232772
122,-0.6631295813010885
9,-0.05246556361561838
30,-0.21828490811482149
21,0.7507149999658873
36,0.9994930067380756
24,-0.3207221405049381
30,0.947092539186962
28,-0.7655717285701111
11,0.9889184587720745
52,0.8732245548601059
38,0.0051228557448461665
23,0.9173561979762794
17,-0.11138119296019267
13,0.5854506134989832
10,-0.4251080641960483
14,0.22995171156576633
20,-0.7493072696718261
55,0.4112846673112365
13,0.3041674755377368
36,0.5765273155259729
32,0.6566950934958786
107,0.9999999955775642
26,-0.3583948955430851
14,-0.10464308298026648
31,0.9503592710303679
53,0.9999470897987619
20,0.9842744046225542
32,0.9409468211109855
26,0.6241730235686394
59,0.997804588908543
64,0.9997615154328285
51,0.9897214530186698
60,0.1867117422785185
22,0.8887751824038423
19,0.9936547082593146
51,0.9443999466081101
16,0.5934650882059189
6,-0.8258877364504491
26,-0.5021911277622566
60,-0.960989049858259
29,-0.828841945863863
21,-0.18695174382062407
46,-0.24329652979620753
15,0.788567483551206
166,0.9999999990679793
136,0.9999999999996523
562,1.0
10,0.9566145725965922
22,0.9115576912110552
252,-0.26636876085488614
33,-0.6402346201261417
127,0.9849657955120246
14,-0.5054967898655272
92,0.9998873899177174
89,0.9844236688064381
104,0.9999902554251017
94,0.9999322152968135
12,0.23355394086771675
37,-0.9758504708995543
53,-0.9403714703802688
4,0.052465563615616606
70,0.3935523434411461
29,0.844689881507571
9,-0.5124317868374739
24,0.06635021179839096
237,0.9999994456587262
11,0.28742109944742134
17,-0.12755770167524294
18,0.6689455951799594
20,0.2680232497668964
2,0.052465563615616606
155,0.9161909217416495
120,0.9958258731156409
44,0.8177928703503756
14,0.9193053550937089
116,0.9982322453094297
14,0.5430819411856771
23,0.8820892304769712
145,0.6944907468436763
51,0.9422459378680141
172,0.9999411977263613
37,-0.9758504708995543
34,0.808812477919945
117,0.9989627675460508
18,0.3612204575076281
39,-0.9485793686550756
10,0.6025859324124001
249,0.9999969895457412
182,0.998786022438531
201,-0.16228976349583424
121,0.9954715990956007
15,-0.9697245655915685
102,0.9925303405242953
185,0.9999946152003409
43,0.9989229775724957
25,0.543913912750849
21,-0.32397467819101866
11,-0.6293971239126654
71,0.999955111842953
35,0.020177295050557875
32,-0.9964095914093887
117,0.9989627675460508
71,0.9879155722582731
57,0.8969653111179403
24,0.8843831047294426
25,0.9955263417294735
88,-0.5218865308045819
30,0.21904222565779352
60,0.9183524089769204
57,-0.9995042625132025
13,-0.5896574982157605
63,0.6346032684067435
56,0.8331472735573338
61,0.8158227595173031
6,-0.052465563615616606
29,-0.8226387408107576
84,-0.8057418463995181
37,0.9999963839897048
27,-0.47712801491677537
69,0.8464128311633858
16,0.5444404922828616
34,0.5624028008664888
102,0.9925303405242953
46,0.9690711749521783
60,0.7702903167061563
83,-0.9947172983713952
14,0.817322917770479
28,0.9999509384851542
117,0.9989627675460508
175,0.9367135380795568
13,0.9675462015488234
41,0.7373409314402766
122,0.8662156276379687
15,0.8641119936749477
4,0.3800953453032019
54,-0.6217372794153329
71,0.9883219905187388
24,-0.36240518019635326
5,0.0
134,0.9897784247538803
21,-0.833505294654054
54,0.3272117422352314
50,0.9965588046095386
16,-0.6769315152020121
62,0.9999997914064664
50,-0.815959582420239
36,0.31090151379353803
11,0.9216266497277823
23,-0.6372310528093983
28,0.06932746766061015
44,0.8323577107117466
7,-0.3791678126176554
72,0.9983731424744569
14,0.4723831715347584
13,0.08129566405522404
18,0.110017996014242
23,0.9846007322301071
42,-0.041927823312652324
21,0.7870990604842156
24,0.7263213342867489
20,-0.1402998703345577
90,0.9999920663324429
15,0.4032824790395706
128,-0.6293367200995155
7,-0.3791678126176554
27,-0.6933097327948143
31,0.16099664196490382
5,0.0
32,-0.7120248997743512
19,-0.04749286958803345
29,-0.29817289484915377
34,0.9553703077830316
17,0.8703666639604675
65,0.9479313951895321
134,0.9591031081981747
55,0.9945584275351158
5,-0.5383433207448269
12,-0.691563147000017
7,0.11125958910227918
39,0.6980935260412888
31,0.2088386363103898
11,0.682001379725536
37,0.7203017828724629
23,0.6820901897882024
24,-0.1914358644656986
86,0.9999729207926977
34,0.992013083290382
15,0.27120691604193414
31,0.41580901076287424
9,-0.1474833235333639
20,-0.005205683126349392
46,0.7672775456532885
11,0.5872848013938805
45,0.6721920195891813
47,-0.9859360548515845
69,0.9999775085093332
9,0.8768965487205385
105,-0.9999826512241092
61,0.9949227807411158
23,0.5256566347679608
19,-0.9608893769700859
86,0.9919888758310909
28,0.7149585303141892
87,0.9470321584747494
5,0.0
12,-0.3119180062109608
47,0.5554602518672078
41,-0.6838035529960846
256,0.9999998697981303
77,0.9980601261588693
188,0.9999167210537019
59,0.07543555299878069
7,0.0
11,0.14748871316295342
37,0.7909414671730186
44,0.310897148781498
5,0.47368421052631615
45,-0.9360072185663886
15,0.16060063664257918
57,0.9814445811509609
39,0.3948512923830152
23,-0.7271566620886492
24,-0.6699596039334137
59,0.9991337707175723
44,0.610006387633107
15,-0.36885074584114164
54,0.9900614498909133
10,-0.9301545838028433
2,-0.13513513513513464
35,-0.5398727846210434
4,0.052465563615616606
76,-0.9412773586643892
13,-0.3882641616947702
12,0.27601899166948063
22,0.42415187096629015
47,-0.989349324393767
20,-0.5325749821937427
31,0.54426392456002
92,-0.9342501367814797
28,0.9567427015807779
8,0.0
19,0.22330535755854752
67,0.9567187444707643
402,0.9999999661678725
108,0.97660550757862
104,-0.9816595527207161
12,0.9725166518283046
114,0.3834607774145282
5,0.0
34,0.5904481738983614
60,-0.8977756823195608
21,0.9790228852217926
35,0.9790428108391829
49,0.04126500836043978
23,0.9131588787961196
53,0.12779395907013313
145,-0.999293078813211
40,-0.4792731370650931
20,-0.7928025388313473
21,-0.46003535759107494
19,0.8611330989825594
41,0.11891991535543522
106,0.3850169045999787
135,0.9999946069559211
48,-0.9801851424768138
13,-0.7172925505620704
623,0.999999999999452
30,0.4245064552214495
3,-0.48017390802498583
96,-0.7192318541785223
33,-0.24337436975927207
14,0.7913927775039964
15,0.21580160218297006
41,0.6595775753455688
42,0.36152776203557613
18,0.20094839365393424
26,0.8764692685624704
45,-0.8887298614047201
32,-0.9797319180917883
54,0.7530464419584755
21,-0.5196652562442712
20,-0.6464061439026236
17,0.7853436680765209
17,0.8666382427280646
9,-0.5062708781261576
37,0.1966106535938097
10,0.7320571977576249
30,0.6852146572477347
24,0.9718754373590224
19,0.49968089332980337
36,0.9960997023005178
9,0.5489530430329361
19,0.875291191239761
68,0.15441855577338903
25,0.1854135472711178
6,0.0
18,0.4515676551013983
8,-0.3783054144674398
9,0.8464282829710756
42,0.27463115290671425
13,0.8824421455903098
11,0.6526880275780518
21,-0.7150996559341991
58,-0.41469425391264236
28,0.5976735859864899
12,0.6783837228882135
39,0.9680628339736039
12,0.8870987810674664
10,-0.5281747047860421
7,0.2897091709814117
12,0.9150840401924618
33,0.9614388398383753
26,0.9856763866062284
19,-0.815836203768348
34,-0.9816131308725875
34,-0.8652618753124486
8,-0.24027578010777706
8,0.4728579962453563
12,-0.6433514836288496
30,0.5963047459763002
33,-0.3601583643622841
40,-0.9136846233813096
29,-0.43208121122530896
103,0.9991690472745314
28,-0.1408289097501918
6,-0.1061765048666814
32,0.9314228130893301
108,0.9695174862690914
14,0.9833736386610665
52,-0.5085515205786257
37,0.908583717938944
18,0.5155023077425105
73,-0.979939297880206
8,-0.27148644594907845
13,0.9511912676995105
121,0.9875705692843142
22,0.8775142180398126
55,-0.6825998405126252
10,0.5826060811435352
79,0.731482585826075
62,0.9957462106047295
68,0.9740368195777236
16,0.08615056330154869
50,0.9177282802057771
25,0.9760323007305032
10,0.8142893065985957
16,0.868835892465446
150,0.9637025871273885
9,-0.15501798171078707
43,0.994803287535728
133,0.9999999918234495
23,0.9962008458911678
22,0.5627042722360878
17,0.5098580091886316
46,0.2638456380953422
47,0.014236389013411621
60,0.9999995530673118
26,0.8810151355403353
35,-0.6203495743092455
73,0.9870435969125932
37,0.9816592667134845
79,-0.817473911362187
29,-0.6357351482857003
191,0.9999993452434299
17,-0.3884682518918803
61,0.9990224926776379
32,0.9789519331620951
25,-0.37043010731126613
13,0.6428303017976664
36,0.6914124077417971
25,0.7090486533727978
26,0.9229295925955778
44,-0.9953683617647104
19,0.5265282987737632
26,0.3904804864065281
13,-0.5073374778586488
47,-0.7257559692583129
112,0.999931516940336
4,0.9756844961358366
89,-0.9986281294496189
13,-0.6475829030277507
186,0.9999878548422696
6,-0.642176105823568
59,-0.4530433529042024
32,0.9986458477432252
3,0.052465563615616606
10,0.9612817907816178
12,-0.20845053891842902
45,0.7239959959839253
10,-0.7399600266118851
19,0.9786703624656832
60,0.9998472708339001
20,-0.1706634592132139
12,-0.8908405925040166
11,-0.3561263168424267
5,-0.7030549129541743
192,0.9999999999997708
13,0.23657491926659757
30,0.45902223730351466
15,0.6777802930731038
56,0.9269715262407936
12,0.5002752224569622
31,0.9612406000869798
59,0.9303454903232276
4,-0.6443192340796295
23,0.9224913666387156
104,-0.5944183460987789
5,0.4488188976377956
12,0.7928672991125092
35,-0.8952236731947179
26,0.615379626474247
3,0.512641285508528
31,0.28922189646672747
155,0.9995472203439781
32,0.9391864453527394
54,0.9924716705004186
33,0.9219389888753045
53,0.9415605608312108
22,0.9920478682098117
52,0.386982459378558
15,0.015720303339238795
4,0.0
23,0.8226080284444524
59,0.9349582603102427
34,0.9985016082096945
29,0.2147413753654821
35,-0.9634496018110041
12,-0.3469074333104627
16,0.8673756604509719
20,0.989185918585094
24,-0.6622257418539934
65,0.9999531213276227
19,-0.2404418534804773
56,0.9212400048353213
19,-0.2404418534804773
24,0.9891655892344635
19,-0.2404418534804773
16,0.9910577618436442
15,0.7622449385580108
8,0.7938842052184809
19,0.6920429721321235
34,-0.37705375177422895
15,0.7675478283733059
16,0.5664352451466823
159,0.9999999905778436
54,0.9946256136866578
89,0.6974940071353435
40,0.6602870016340938
31,0.9992476545125901
32,0.6836233676069847
44,-0.537627420690348
24,-0.6921151123776346
23,-0.6074967400454876
88,0.8773097896608395
41,0.8049940605378474
20,-0.2577025073400687
151,0.9997378992598875
12,0.6478572136415144
11,0.7212398243412121
124,-0.6100463308837687
39,-0.9653454755623592
24,0.9814421301440479
29,0.8105115263189817
42,0.8309447161834964
4,0.8421052631578949
10,-0.3561263168424267
11,0.44587598777440896
14,-0.9123726906872065
20,-0.8055719648661028
24,0.28234048077005913
10,0.49291707591045375
46,-0.08605886412131603
63,0.3216650538450043
30,0.9945911914016747
56,0.9312022484997899
61,-0.9176563891871785
14,0.5261165861522554
4,0.9513432422757961
12,-0.965243387115541
49,0.9999989187994567
13,0.08152063504671214
9,-0.3330540258876351
36,0.9814658391461164
37,-0.9922301426971578
11,0.8663943839496053
32,0.8402353944236458
16,0.7727416530291229
28,0.18187509409647262
19,0.8384461921931055
4,-0.6036317182097999
11,0.8169099009372796
28,-0.42776256525361034
57,-0.995700985642912
28,0.39140214855460576
64,0.8254764491874107
41,0.6990549552865812
41,0.8749172726699859
17,-0.24858781729756596
4,0.6676822984747934
21,0.6996785134907599
16,-0.22517376399067568
54,-0.6716076175940227
22,0.8616306449071938
4,0.052465563615616606
18,-0.05161018739908907
26,-0.86656516160711
109,0.9963773170868069
137,0.9999383710170366
59,-0.9663180202422426
33,0.990917114720157
30,-0.19755388265718898
14,0.20984299724477284
41,0.9983021466261328
25,0.936788254265285
33,0.7589792280545062
117,0.9772419638930165
27,0.9577650574033996
4,0.0
126,0.9769382887925273
580,0.9999999999999996
93,0.9099276099026792
38,0.8605978156166421
23,-0.8868096908455358
23,0.7752046959316601
7,0.6676822984747934
20,0.18486536737653947
27,-0.6403194044418439
4,-0.023089428317681904
8,0.04849322243262133
2,-0.16566866267465064
47,0.909848800822719
13,-0.09629090255328121
204,-0.9895801669821622
9,0.7980330304765146
56,0.7699040939664499
22,0.1219514044023593
27,0.24411089314064927
34,0.830426173328386
18,-0.6574578613049631
6,-0.501301032916434
15,-0.27795118770137694
39,-0.7198684166521745
23,0.9815806509915512
21,-0.035864143309967345
22,0.7037474154466967
6,0.5435753894445703
13,0.8827260009649587
13,-0.11186840484903726
11,0.4316183680942445
15,0.03546354721645528
18,-0.010406190132866255
7,-0.12771210837402625
26,0.8944743740874712
104,0.9999749965463163
16,0.7732705283097054
39,0.8849437283586479
38,-0.371920523141823
52,0.6452510504734001
261,1.0
14,0.6973029001406734
282,0.9999997132865153
43,0.27527789058572605
12,0.40700052378577967
33,0.909781113592548
87,0.9965554633595857
16,0.05168116009143131
42,-0.7513881600991177
40,-0.9939177813171185
46,-0.14925665820490575
14,-0.4727734380083022
17,-0.6342537030306694
32,-0.859966924551784
8,0.4905722811504305
11,0.01449994840866542
13,0.8605977856242402
11,-0.12065806644281785
11,-0.25786695466626663
19,0.8565137286409372
17,0.07569594340654628
4,0.529411764705882
4,0.529411764705882
12,0.9616367892002475
103,0.22403093476596592
83,0.94556317839671
44,0.516408860564785
26,0.9658350015187471
18,-0.46805480408229694
24,-0.25340712105347984
30,-0.13974904234685837
8,0.790823950595974
15,0.6765394618006739
5,0.6041718539871468
24,-0.7842015174541606
61,0.9963737471747203
4,0.8421052631578949
47,-0.8966708594204429
4,0.529411764705882
4,0.529411764705882
4,0.529411764705882
7,0.876243040392209
12,-0.4736204945652993
17,0.7985774002291246
78,0.9999996401323137
17,0.11593452322574849
50,0.9922606309822501
29,0.8780417749263685
37,0.5802344700873294
23,-0.08469018742509093
16,0.7142858984021556
4,0.8421052631578949
13,0.24148926699820472
6,0.0
24,0.9380522898139876
27,-0.39151427074164213
10,0.0
32,-0.35794914720862825
17,0.9773760933238642
49,0.9995174202377839
35,-0.08942617232641603
26,0.4922417037549147
20,-0.47839909878018183
22,0.10218129074595028
29,0.7759187117936048
78,-0.6745265433064311
23,0.45050987203702664
8,0.790823950595974
6,0.0
22,-0.08254443304545855
22,-0.2691074621237741
20,-0.4509419964210706
21,0.8507571596097672
10,0.8821186159199148
77,0.9999970397373483
169,-0.25966550422441337
9,-0.385108792552477
25,0.9721804388719597
12,-0.356812675630096
20,0.9047363764698098
10,0.21354707052795496
20,0.9122643493458609
34,0.4381183299497602
14,-0.05246556361561838
27,0.9828191476689594
39,-0.7257961003535991
52,-0.46132203258680304
58,0.9882000704870566
19,-0.7861658234080711
28,0.8025026821121282
49,0.6017979505378568
34,0.21164844786631343
85,0.9411366955272262
55,0.7141499485493443
45,-0.2916849162585975
15,-0.4732506848990017
50,0.268461175788161
11,0.4595907810649391
66,-0.9750873129250595
11,0.658132747027601
23,0.8139697103497514
16,-0.40336973656336017
13,0.4905722811504305
11,-0.09854428392112768
54,-0.4263846250342369
49,0.999801621436246
31,0.5035277250519878
20,0.9863236449456212
22,-0.8906944099109264
34,0.973789130217612
12,-0.34467441461782644
328,-0.999999999014165
4,-0.3548387096774195
29,0.5123757752623614
54,0.1526676385471255
33,-0.10913138805324052
20,0.5388005995971825
49,0.9903674308765749
19,0.4873421192128804
12,0.6653457746758542
229,-0.6538321592585201
22,-0.16170972224927138
28,0.32194634422739776
75,0.8675125462917659
124,-0.9962992307462626
89,-0.993582329758889
79,-0.9921344262451766
40,0.9977394640394945
25,0.259064164041769
17,0.9502656077488278
35,0.9459318606153397
89,0.9994593200209689
38,-0.9998770852250141
50,0.9468209647379302
43,-0.7384042144992873
37,-0.9381927670982755
31,0.9524022823373732
42,0.9215476662957849
9,0.5598632076314871
138,0.9994576118522056
32,-0.6246697404615587
43,0.49682204838905997
6,0.3299085085493718
10,-0.5042342765580121
140,0.9937822469247133
32,0.10963728413992113
49,0.2940896623126854
70,0.34924580424899077
149,0.9931612213097893
52,-0.9842277616155357
69,0.9591993698801524
18,-0.8788984190200124
3,-0.05246556361561838
25,0.6576782876820604
29,0.29173261802922723
118,-0.9923208194416557
42,0.9869940150094936
31,0.17176963389630528
27,0.02901637332982898
4,0.529411764705882
23,0.5450119121415584
32,-0.16786528289042346
21,-0.052530424739281045
22,-0.6859131211681795
17,-0.49192321457262733
21,-0.2949301430335103
23,-0.3204579267184271
43,0.17062825382943858
51,0.9650864456433201
17,0.9743671674413408
47,-0.9297971984131856
214,0.9998868805699217
36,0.7004803615996298
44,0.8024726759674938
18,0.9148937882416919
16,0.6366328395948575
45,-0.699692157451252
62,0.6008626829349248
8,0.6171032246939103
46,-0.17053843864560903
14,0.14779979592612014
16,0.9579319356789462
157,0.9999970563502116
29,0.5565776217166167
9,0.6823573067660234
44,0.8698899093924746
56,-0.05088838609401325
17,-0.8613094472198044
8,-0.005069921780834763
73,-0.5229712320829014
4,0.529411764705882
34,0.945966895289357
66,0.8671537084504282
26,-0.7285491748831092
140,-0.999796005534759
6,-0.05246556361561838
22,0.9661762863090575
118,-0.2863086108985262
35,0.9823772689697909
8,-0.7763143315373864
15,-0.18922976360815214
25,-0.9247396030885067
24,0.9606394892950365
18,0.8801306196556451
30,0.972246515928465
107,0.9227138023232475
24,-0.8016442881701191
10,0.491475218557339
25,-0.6903089947577374
23,-0.1770224362579227
26,0.36881222202446784
26,0.13683965745959337
9,0.2784703777455664
4,0.529411764705882
23,-0.7160658450197397
6,0.529411764705882
8,0.790823950595974
7,0.6171032246939103
14,-0.8196295543518837
11,-0.8072802044326901
38,-0.805920663132182
29,0.3432029293739638
10,-0.7161623325113877
45,-0.9035241766288311
30,0.899397182145451
303,-0.9995925443166747
60,0.9210248121005318
18,-0.7341756622517712
26,-0.4096252288069899
22,0.45110971111798226
12,0.3804420348693096
67,-0.06625767203883348
37,0.9642865970873407
132,0.9999935646025329
24,-0.13525318872678227
23,0.7480837368729678
9,0.2809536143337299
82,0.9807574800429708
48,0.9945251802006587
33,-0.5799033161413165
121,0.9990742980806044
95,0.6341030463354087
51,0.4333354678489858
79,0.8660925469422178
156,0.9999965937042552
100,0.9990059527858417
25,-0.10477680832566016
105,-0.22355560297358257
32,0.9751029463348198
28,-0.44274885428700905
92,0.17428970122328535
25,0.01356083414978193
4,0.529411764705882
8,0.25932521705265876
37,0.5422946331612097
63,0.2351140324434875
13,-0.37302917290459714
4,0.529411764705882
6,0.529411764705882
16,0.512158354861604
24,-0.8016442881701191
19,-0.09104462327511986
101,-0.6284159998689411
16,0.6490107434060934
7,0.6171032246939103
13,0.245600319105294
152,0.9999999792773944
26,-0.056818728886044
118,0.9999803042351623
22,0.8753818329119738
13,0.6735498010111365
18,0.7565561330359176
6,0.529411764705882
8,0.790823950595974
4,0.529411764705882
16,-0.6156439435435352
16,0.6884578299124908
128,0.998472258622656
33,0.5139597237497326
33,-0.06247846592835904
7,0.6171032246939103
24,0.8776056210058527
29,0.8172521176683343
15,-0.03786457598178661
26,0.5909469236981213
6,0.529411764705882
7,0.03574754438337879
46,0.7117013640789596
27,0.8136606500849706
51,-0.2768607226065698
42,-0.8896724278719963
35,0.9876685446633682
17,-0.22176922844630864
21,0.6562413860494081
11,0.4595907810649391
28,-0.847388802396801
33,-0.16698356249591217
23,0.9941030981979972
77,0.9993486877410576
4,0.529411764705882
31,-0.8336829372673282
21,0.9820404110118375
69,0.9976525725466676
52,0.9898497317246062
34,-0.5702204211322426
44,-0.9346212498923194
37,0.8603231990985765
154,0.4680566744775756
26,-0.7302844776712087
52,0.9807882437191282
16,0.09590058371463095
171,0.9706426442136873
18,-0.30588418644125137
17,0.7326347056998233
8,0.790823950595974
30,-0.7735804540858775
8,0.790823950595974
13,0.7903857694577554
19,-0.5062966168641818
61,0.5914276483886072
12,0.0
30,0.7870762153244539
19,-0.7982379004339297
145,0.9998634498225258
187,-0.08651520107699961
32,-0.15054609924233975
54,-0.7625488128722313
44,-0.4932973743601641
66,0.6169680194322149
35,0.8635528511690573
40,0.9502276889619985
38,-0.969502012492319
14,0.321100177419964
6,0.529411764705882
9,0.529411764705882
78,-0.967709194105498
45,0.9661046539876388
33,0.9943963919336061
22,-0.7772678178115378
337,-0.9951387358690589
164,0.9999999773285497
50,0.595272995069944
45,0.8800811097827246
14,0.7256395027760667
109,0.9999409223929447
24,-0.5039083506809294
41,0.6560490695292494
13,0.19216433968019864
17,-0.48776169991800455
9,-0.3612583891033305
18,0.5868430901244748
88,0.9421022573762539
38,-0.9726274259103163
20,0.37146988395698943
35,-0.9309544519706945
105,0.913882985757374
6,0.0
9,0.7484019861443609
6,0.529411764705882
4,0.529411764705882
4,0.529411764705882
9,0.529411764705882
9,0.8088570570693623
7,0.6171032246939103
12,0.6831169892673103
22,0.2948045225962703
154,0.9998192213190586
245,0.9999999998650382
62,0.043429536725390294
134,0.8871576719150465
34,0.17515646490294423
78,0.9989712580870145
41,-0.9302911378321539
26,0.009200755126758331
30,-0.4340337329980173
48,0.9802769158823066
22,0.7834547532297802
66,-0.992147544060062
138,-0.9963330163719815
17,0.12124614591528848
30,0.8843438433418991
42,-0.8795911913032091
19,-0.9365657890935699
97,0.9999933812789923
45,-0.4122819846461603
20,0.4841965062328799
50,-0.9218614975409885
75,0.7626980061278488
40,-0.7475566094459665
30,0.14856245277063995
44,0.9853178796508237
31,0.08540648600241596
293,-0.803909512241183
22,-0.8951441110298497
29,0.9876468330589832
56,0.8956943392470134
73,0.999879452390634
20,0.9286696973367965
168,-0.9712972175161412
64,-0.5783600166236849
16,-0.02021125637895227
21,-0.018730671362798823
22,-0.9625826061083618
30,0.6642134658109615
26,-0.9525792424858277
15,0.0200522296512593
23,0.8533153938506701
45,-0.5087969208859553
9,0.14392118049198221
233,0.9999928463074046
16,-0.24973688828189045
12,-0.26965476419537104
60,-0.9125417016318069
11,0.767215711157111
21,-0.4915463800109323
16,-0.6609486807442913
28,-0.7732109589178771
24,0.9113681073038213
24,0.3184714172493128
69,0.9999362529245464
27,-0.29667766657721995
42,-0.6838508090673661
22,0.2755250898146182
145,0.999883474371545
5,0.9480029780230375
79,0.2446218258130597
7,-0.009007850657428484
44,-0.9719075256261565
43,-0.9904469684994253
40,0.049365222774376605
206,0.9996311873699981
53,-0.4680218884264258
32,-0.3121156220798271
6,0.7469090552724427
9,0.32140176175297186
15,-0.02502090589538364
25,-0.975501400172424
59,0.9918107123241247
38,-0.5682848356224319
17,-0.04386717761388037
18,0.8083505693399815
14,-0.6538550177703564
15,0.6876257142611395
133,0.9998154256118212
140,0.9999958631234007
9,-0.3227542525478764
4,0.8341738638207601
232,0.9999026526933632
8,0.41190294556343776
13,0.14134699190404043
22,0.9697591479850498
48,0.7232647856013257
92,-0.7976889644879583
32,0.9263998833767648
18,-0.6913421044239318
19,0.299720478133235
9,0.26324399393248665
33,0.9714175224602375
42,0.9999298594596544
7,0.0
22,0.6216545301258589
7,0.6171032246939103
8,-0.4380368702829529
11,0.10567906946226291
19,-0.2128336352797704
63,0.9648589078467273
26,0.7963377348844729
12,0.008209190438361214
12,0.7824242428298505
7,0.6171032246939103
7,0.4905722811504305
19,0.25003965637940495
32,0.617442936311071
8,0.9782612208874473
7,0.6171032246939103
12,0.8790172749077594
15,0.9869846253859871
34,-0.3285134994155585
21,0.23372197899434677
33,-0.7037660779235355
26,0.8851147608512964
92,0.9563189623111457
46,-0.2570430508675847
48,-0.6796911612564369
22,-0.8210719785615559
32,0.7277442170167132
45,0.47932714715258085
41,-0.6188275591351018
80,0.9740904663805343
57,-0.8247429722383541
21,0.21401360963315952
9,0.9666224346760861
65,0.0011976072948916006
5,0.7368421052631582
169,-0.7662265994862238
77,0.9998375695368371
68,-0.981059031389776
67,0.9947089931702293
33,-0.5458206917265089
27,0.9917215165906266
175,0.9999999988125814
14,-0.7463140277308553
171,0.988134226666679
21,0.9355972551068501
77,0.8300839960580226
150,0.9964032412702502
50,0.910324728637808
30,0.4123521562992485
25,-0.16763939453097954
47,-0.12927901753496363
40,-0.9614014527024919
2,-0.894736842105263
62,0.9193673747146494
14,-0.7915354605052429
29,0.9526425844674027
21,-0.1497377502364372
64,0.7313139636189911
39,-0.6206359815528197
51,0.09343122122483294
30,0.6226658318948235
30,0.9924599612024294
56,0.2289973890262451
8,-0.8347614718096228
18,0.4515676551013983
11,-0.4924484647456868
8,0.790823950595974
11,0.6745203266998065
40,0.8748115435588342
18,-0.06743783641635748
17,0.9702456897568368
9,0.26324399393248665
12,0.9935944804643531
21,0.9878867192394067
18,0.4515676551013983
26,0.7258423601626083
44,0.7635506016447977
4,0.8421052631578949
4,0.529411764705882
4,0.529411764705882
4,0.529411764705882
53,0.7735162265543944
47,0.17072051672660904
286,0.9999999992234443
184,0.9765272551806385
23,0.899325788732622
58,-0.6532603800340928
37,0.9582376563852042
47,0.6307024254678357
54,0.9797336355603907
23,0.534607323967367
31,0.9127593642110055
15,0.26324399393248665
5,0.4230641505816348
35,-0.6198517553215368
54,0.42141697218040375
93,-0.9535338187109437
87,-0.28132747335574204
9,-0.40493862272723846
71,0.9082369914042101
39,0.6244500990536903
30,0.39825141799396047
27,0.5205451370655809
36,-0.839100835336875
26,-0.3561263168424267
19,-0.7548348555520004
27,0.6238360162094441
20,0.7749938715808575
26,0.5082699900281897
34,0.6987268440592291
156,0.8111264335036055
28,-0.18788336360563251
29,-0.7084406396641436
38,0.4017797458143888
233,0.9999999167773712
21,0.07741716138689614
174,-0.0716201303817614
21,0.23084270140491148
11,-0.8950738687719815
4,-0.05246556361561838
49,-0.5600219517517231
16,-0.5947683475870102
148,-0.8061862507613959
108,0.9962312749127811
51,-0.9002258626007684
23,-0.8728405959471632
55,0.41264099948639243
64,-0.23064466816413032
136,0.9990736065463466
103,0.9942189616259014
30,0.6775987690758842
24,0.7713952290109678
46,0.7986541625184544
31,0.6177180024284314
73,0.9777054809045969
82,0.14990908889565535
26,0.986354284805852
19,0.9433395266026503
5,-0.5305334579215581
9,0.36894282096864783
20,0.8193043364378672
21,0.8982104821801324
6,-0.6084923005320442
22,0.1479032324705949
49,0.5532068531749588
32,0.9902200923041165
113,0.9999953783421835
54,-0.5968596706089226
34,0.7428939588592407
17,-0.5983255062909079
46,-0.9191375461321201
36,-0.9451994221549389
31,-0.30450457126970165
9,-0.6438453679460736
12,-0.6261869712116297
98,-0.5638443032103724
20,-0.9452162552871197
152,0.9999994944210879
161,0.9999991190934521
48,0.9825700780712672
21,-0.0849410818543157
43,-0.9972144956755047
10,0.5740486028032814
37,0.8296245710044803
20,-0.2435832785605101
39,0.035623605365946
6,-0.7528573486269343
31,0.9686876728826297
30,-0.521429180754118
20,0.6686782404341636
133,-0.9909368172828354
14,-0.1319446061611944
19,0.7438775702588121
34,0.7687166024889478
23,-0.8948459606438399
14,0.19010027788362072
12,0.5898340091739969
25,-0.1669881796362731
42,-0.9589200993436038
42,0.8715730618516346
3,-0.08316801208961144
39,-0.47064305036980936
6,-0.679508758895899
39,0.9964685693544564
17,-0.28299248674792987
46,-0.6282962386938817
32,0.9419212108157788
41,0.9419096750159466
37,0.30402845862114036
41,0.9754731104285652
41,-0.9136861054955085
94,0.9998497191677456
192,0.9999970279211514
43,0.9999611121974326
43,0.9999611121974326
11,0.17114431000859898
28,0.11147485596180617
15,0.980591568025996
53,-0.9877470485992916
63,0.9695685090671085
80,-0.5677818864998181
54,0.8843525180530105
870,0.9999999999999991
234,-0.9985153901188226
19,-0.3250424396699596
25,0.1903805203006934
5,-0.5033823202831302
37,0.5396191002156565
22,-0.6428733785777632
60,-0.7486343533204673
152,0.9995201206769402
6,0.8425679827555936
20,0.41152294753410246
65,0.917574029864177
8,-0.36125838910333363
11,0.09730197286648523
8,-0.042967156666156914
17,-0.49813181214086155
55,0.9934258900658144
11,0.2249142169454157
15,0.7775438535795502
95,0.8544996549291752
97,0.9957426693096645
16,-0.05697774653266485
78,0.9822640352706713
29,0.9544459504034364
36,0.9965340349685539
149,-0.9841597118543388
71,-0.9602142207953368
12,-0.22058288576328056
40,0.951974919421144
46,-0.33780458029171
10,-0.02845263702238765
28,0.006423539595889816
75,0.9719252115225725
40,0.5762430633050541
13,-0.9015324980335879
125,0.9562824454048289
130,-0.8893348470914659
28,0.4030730861074372
16,0.87547079071179
4,0.7368421052631582
19,-0.156250804938048
107,0.9884549833297605
55,0.9290088197395221
31,-0.4207477973326521
32,-0.7126850108125227
73,-0.7612498866263089
47,-0.9210494753129401
14,-0.6485587357135401
123,0.7949947526824932
7,-0.15649834287459985
201,-0.9526513132903138
9,-0.5829580090172992
111,0.8241412298167883
27,-0.6477295553873257
99,0.9933659739816534
66,0.4105185898114043
92,0.9999043734510429
58,0.6993270884841476
14,0.8599711886207739
11,-0.35120541875993383
229,-0.986653035609319
44,0.8759191694258128
106,0.9999735539520722
18,0.8780128205875775
42,0.966713958743606
31,0.9637507262824958
12,0.43538321305559924
13,-0.6857537782656382
4,0.8425679827555936
27,0.9309407350112033
146,0.8962736786874714
146,0.8962736786874714
133,0.9994801970930784
87,0.9990640202216006
64,-0.9969281037562592
64,0.9201910862119276
16,0.05711582767086676
59,0.9948635787109379
55,-0.9972193655321204
22,-0.9379243079316681
38,0.1710854599729359
215,0.9999999996185105
21,-0.9171166532097357
21,0.72319103503021
27,0.9435590970481447
46,-0.9615237152343701
67,0.8771759955006386
25,0.67716681450394
8,0.7419807864746795
24,0.9742535246604571
57,-0.12242177034172363
165,-0.9998447668229411
22,0.627063195328603
5,-0.20407642167392148
24,0.8857139055835959
116,-0.7072854650615632
20,0.5898978142761984
31,0.977429270290372
22,-0.8600595654177863
50,0.9277163658517973
26,0.9964064017178373
13,-0.8357210794253249
234,0.12798974719466627
15,0.7987800762694577
37,0.10546641966026482
16,0.745419906173838
13,0.5719236486557719
54,-0.14392223098302948
34,0.56448343300691
119,0.9839575606156306
24,0.5571328659737438
31,-0.8057564826700967
28,-0.4722642640928425
68,0.9819962528272177
84,0.9999074361265567
126,-0.9999979384987805
10,-0.3561263168424267
40,-0.9723454023758409
135,-0.9999991712847955
23,0.9862740321566974
70,0.9490631690856559
21,-0.7013115830863459
31,0.20074398264445326
36,0.9979230752864128
39,-0.6187809586203197
18,-0.9841419398951146
20,0.6414820145992297
36,0.9679579283401927
25,0.9334697848010194
39,0.8867824458252089
5,0.3561599471059529
19,0.828820186009803
82,-0.9990930888121632
15,0.5608576786755772
223,0.2023
100,0.4019
9,0.0
132,-0.0258
42,0.5962
271,0.9253
738,0.4731
9,0.0
213,0.7088
118,-0.4588
128,0.8942
204,-0.802
146,0.504
72,-0.5106
56,-0.1779
176,-0.7351
50,0.0
15,0.0
44,-0.5267
61,0.2144
158,-0.3333
227,-0.4019
87,-0.5719
39,0.6597
426,0.1872
132,0.2144
46,0.4215
20,0.0
276,0.4019
198,0.1027
627,-0.5267
578,0.2427
240,0.1901
86,-0.5267
37,0.2023
37,0.6369
91,-0.2023
53,-0.1027
154,0.8402
101,0.1043
117,0.7707
153,0.0
81,0.6207
59,0.4019
36,0.0
238,0.4215
149,0.3612
38,0.4215
81,0.34
53,-0.1531
270,0.0258
2,-0.296
462,0.7881
84,0.5666
9,0.0
218,0.6956
84,-0.4588
282,-0.34
55,-0.5423
59,0.0
33,0.7906
147,-0.2263
66,-0.4404
46,0.0
13,0.0
97,-0.3875
258,0.128
100,0.4404
44,0.0
43,-0.6876
66,0.0
9,0.0
194,0.4019
432,-0.09
6,0.0
118,0.6124
33,-0.1531
91,-0.5267
354,-0.5242
87,0.6908
919,0.9108
200,0.0191
223,0.607
177,0.2023
69,-0.4767
242,-0.238
257,0.7684
83,0.6597
467,0.9275
64,-0.3875
204,0.3612
1673,-0.9814
124,0.0
530,-0.5204
144,0.7869
687,0.8208
19,0.0
87,0.1901
119,0.3875
266,0.8479
20,0.0
198,-0.743
118,0.0
77,-0.2057
200,0.875
590,0.9788
75,0.3612
95,-0.296
72,-0.6808
384,0.6416
4,0.4019
70,-0.5574
422,0.2263
108,0.09
67,-0.8934
25,-0.4019
210,0.128
31,0.0
33,0.0
396,0.3716
128,0.0
8,0.0
220,0.3007
81,0.0772
372,0.8047
233,-0.431
561,0.868
426,0.2263
397,0.7281
207,0.8333
235,0.0
72,-0.7469
211,0.2382
9,0.0
41,0.0
175,-0.2732
314,-0.34
191,0.5023
203,0.5719
248,-0.024
68,0.5574
159,0.6597
131,0.0516
230,0.1901
264,0.6705
176,-0.5994
505,0.6561
242,0.7269
638,0.7506
144,0.0
276,0.3213
15,0.0
248,0.4215
1086,0.8666
28,0.5499
262,0.7941
306,0.7628
31,0.0
107,-0.3182
107,-0.7096
199,0.743
70,0.5414
488,0.9297
70,0.0
1395,0.9257
64,0.0
9,0.0
93,-0.296
316,0.6858
187,0.0772
1109,0.8837
617,0.2996
200,-0.5719
430,0.3975
451,0.7351
40,0.296
27,0.3818
437,0.431
84,0.0
274,0.6771
335,0.9278
371,-0.0
155,0.0516
103,0.3182
1134,-0.5719
407,0.7506
42,0.0
566,0.9552
240,0.4795
418,0.2023
323,-0.2361
185,0.4215
583,-0.306
37,0.0
78,0.0
539,0.1371
257,0.3818
14,0.0
301,0.0258
54,-0.3788
116,0.5904
9,0.0
469,0.8625
225,-0.6249
59,0.3612
103,0.3182
356,-0.4019
126,0.1761
32,0.0
11,0.4215
161,0.0
30,0.8338
68,0.0
602,0.4788
853,0.9835
46,0.0
52,-0.126
60,0.0
674,0.9707
182,-0.765
374,0.7243
109,-0.3612
247,-0.3612
99,0.4754
37,-0.4019
44,-0.7772
527,-0.5423
2555,0.9959
402,0.0
258,0.8934
384,-0.5501
71,-0.2732
69,0.4574
903,0.1285
205,0.7787
178,0.4588
66,0.0
35,0.0
262,0.7783
49,-0.7757
38,0.128
66,0.2023
1040,-0.264
16,0.0
261,0.7391
129,0.34
214,0.9655
1279,0.5631
15,0.0
110,-0.1027
16,0.0
384,0.7717
58,0.4215
86,-0.2732
300,0.3182
241,0.0772
235,-0.7144
67,0.4927
7,0.0
50,0.0
59,0.1779
75,-0.3212
139,-0.6354
115,0.4824
142,0.4939
121,0.0
36,0.5962
643,-0.8316
84,-0.2023
454,0.4767
225,0.5859
208,0.7717
528,0.857
3,-0.2263
41,0.8402
307,0.012
1052,0.3678
8,0.0
247,-0.6533
550,-0.8126
113,-0.296
171,-0.5233
11,0.0
7,0.0
332,-0.6533
50,0.4588
42,-0.4019
715,-0.8157
124,0.25
72,0.0
168,-0.1027
32,0.0
97,0.2144
140,0.1999
1552,-0.8741
22,-0.4019
39,0.0
216,0.5859
162,-0.0516
766,0.9623
916,0.9717
313,0.1406
348,0.8674
96,-0.0258
588,0.0757
204,0.4145
95,0.3369
231,0.0
99,0.4588
674,0.8253
77,0.0
523,0.9463
470,0.7214
1408,0.185
135,0.4404
153,0.6808
743,0.7269
9,0.0
1014,0.6677
212,0.5023
420,0.8658
212,0.0
1956,0.955
4,0.0
251,0.7056
69,0.4215
60,0.0
310,0.7003
840,0.822
1847,-0.5907
291,0.9136
216,0.5423
1110,0.963
580,-0.5956
211,0.8709
134,0.3182
29,0.0
854,0.8908
654,0.9402
431,0.8101
249,0.9112
52,0.2263
90,-0.3612
80,0.0
1181,0.9715
1370,-0.9892
167,0.0
450,0.2144
257,0.9248
174,0.1027
54,0.5859
23,0.0
52,0.0
334,0.8834
4,0.4019
117,0.2023
88,0.2584
616,0.3269
139,0.6249
14,0.0
48,0.4019
488,0.92
138,0.0
667,0.335
147,0.6199
60,0.6124
127,0.0
189,0.4767
24,0.0
27,0.2263
254,0.1531
249,-0.7869
100,-0.6597
367,0.9366
97,0.802
108,-0.2187
503,0.1926
10,0.0
147,0.3612
975,0.9422
39,0.5859
388,0.91
699,0.9595
165,-0.5859
3,0.4019
44,0.0
141,0.4939
156,0.8271
42,0.0
178,0.0
116,0.3612
172,0.6507
57,0.796
491,-0.2406
514,0.8632
292,-0.4939
46,0.5692
173,0.1346
174,0.7946
60,0.703
8,0.0
817,0.9371
661,-0.9713
869,0.9274
660,0.7927
53,0.6207
479,0.8573
32,-0.1779
1099,0.9588
40,0.0
106,0.1406
5,0.0
271,0.2846
54,0.4404
1555,-0.1217
129,0.0763
254,0.7003
9,0.0
91,0.0
216,0.6908
106,0.3818
26,-0.4019
547,-0.567
85,-0.5574
83,0.4939
594,0.9074
9,0.0
370,0.2732
110,0.0
493,0.406
9,0.0
12,0.0
161,-0.629
79,0.0
598,-0.3815
228,0.8126
136,0.0
150,-0.6402
331,0.2292
758,0.8313
639,0.4019
172,-0.5719
24,0.0
373,0.8588
21,0.0
738,0.9039
23,0.2732
8,0.0
999,0.9851
698,0.5504
367,0.5928
188,0.0258
71,0.5927
404,0.0
603,0.3818
87,0.0
270,-0.6946
1150,0.8462
173,0.3818
304,-0.8603
299,0.6124
6,0.2732
340,-0.1027
73,0.4215
214,0.7165
802,0.9109
192,0.431
188,0.7845
97,0.0
7,0.0
2297,0.9896
523,0.6369
271,0.7845
62,0.0
111,0.2124
281,0.128
137,-0.0516
46,0.0
150,0.6486
528,0.9706
132,0.0
672,0.6124
529,0.3818
99,0.1531
269,0.3553
14,0.0
415,-0.7364
344,0.3612
91,0.0
7,-0.6597
123,0.3182
528,0.4767
170,0.202
78,-0.5574
157,0.6705
64,0.101
170,0.5233
142,-0.7867
142,-0.1027
186,-0.7478
256,0.0
136,0.0
239,0.0772
24,0.296
222,0.6249
46,0.0
33,0.0
445,-0.9133
156,-0.0387
305,0.3607
628,-0.177
588,0.9798
184,0.2023
20,0.8172
144,0.2748
256,0.0258
60,-0.7096
631,0.813
121,0.7783
394,0.6989
32,0.0
532,0.9454
596,0.4767
192,0.7003
152,0.6249
209,-0.4215
316,0.5106
1231,0.8896
245,0.0633
247,-0.8661
146,-0.6801
268,0.7976
70,0.4927
393,-0.2732
805,0.2356
232,0.8625
418,-0.3499
7,-0.5423
178,0.128
101,0.2584
370,0.296
440,0.431
1374,0.6541
251,0.1531
244,0.1486
356,0.4019
321,0.5994
306,-0.8147
118,0.0
82,0.0
325,-0.0711
830,0.7351
1426,0.9582
346,0.7746
123,0.7845
282,0.1779
187,0.2263
247,-0.7845
121,-0.4782
131,-0.7096
60,0.6705
207,-0.1002
215,0.0516
163,0.2023
251,-0.0644
379,0.3716
77,0.0
561,0.1655
772,0.8834
92,0.0
159,0.3612
797,-0.7572
224,0.1429
169,0.438
852,0.9293
192,0.5149
151,0.6597
292,-0.4576
169,-0.4019
342,-0.1648
509,0.7785
32,-0.8271
320,0.6249
156,-0.1969
182,0.0
452,-0.8126
387,-0.5859
587,-0.85
994,0.9741
440,0.558
47,0.0
75,0.0
174,0.6652
135,-0.1779
1459,0.9527
481,0.8555
91,0.5423
33,0.0
52,0.4019
416,-0.0644
60,0.6696
64,-0.5423
97,0.714
945,-0.5792
295,0.5184
163,-0.34
11,-0.296
1551,-0.2244
210,-0.4678
41,0.4522
505,0.8798
808,0.9493
64,-0.2411
786,0.989
810,0.9431
258,0.8807
104,0.4404
196,0.2732
164,-0.4404
269,0.7236
845,-0.7363
366,0.3094
445,0.0
214,0.4005
80,-0.34
190,0.7506
189,0.5267
3,0.4215
9,0.0
414,0.6502
119,-0.3736
90,-0.5574
284,0.8176
17,0.0
858,-0.9347
106,0.0
488,-0.6652
9,0.0
158,-0.2263
88,-0.7208
363,0.7549
68,0.5023
107,-0.6511
189,-0.4588
169,-0.5047
50,0.0
473,0.0
886,0.975
495,-0.8869
553,0.9866
87,0.3612
121,-0.6115
168,-0.0482
58,0.5218
103,-0.0191
145,0.2247
159,0.0
1395,0.8879
387,0.765
40,-0.3182
37,-0.7351
52,0.296
868,0.9773
116,0.0516
24,0.0
340,0.0
195,0.1989
147,-0.7096
70,-0.3182
91,-0.3182
65,0.0
225,0.5574
62,0.0
50,0.0
547,0.0644
47,0.4902
22,0.9042
199,-0.5232
11,0.3182
417,-0.6703
204,-0.2023
261,0.0387
55,0.7269
161,-0.09
116,0.0
199,0.4019
194,0.5267
50,0.0
125,-0.2732
111,-0.2333
118,-0.8186
6,0.0
45,-0.2144
128,-0.6041
207,-0.3241
490,-0.296
334,0.0
122,0.0
853,0.9179
197,-0.7703
389,-0.4885
394,0.3818
263,-0.1531
75,-0.0516
146,-0.2732
222,-0.4033
123,0.0
759,0.2139
27,0.0
22,0.0
8,0.0
15,0.4404
539,0.743
80,0.0
37,0.0
268,-0.765
586,0.8035
598,0.4512
16,0.0
7,0.0
3543,0.9785
435,-0.34
261,0.7269
320,-0.9416
1486,0.978
612,0.962
658,0.5362
207,-0.1531
623,-0.3215
809,-0.8045
967,0.9386
11,0.0
466,-0.3593
73,-0.269
191,-0.25
43,0.0
412,0.6662
356,0.9683
87,0.8555
121,-0.2023
241,-0.824
880,0.8968
423,0.6072
1308,-0.0333
176,0.5267
121,0.0
322,0.4057
267,0.0
92,0.5499
471,0.4497
1407,0.9713
380,0.2776
267,0.2023
730,0.9485
56,0.5574
504,-0.249
158,0.3451
142,0.3781
77,-0.2023
401,0.7351
579,0.8198
617,0.961
141,0.8402
25,0.4939
62,0.7783
693,0.9826
13,-0.5562
81,0.3612
298,-0.0164
73,0.7351
488,0.9633
601,0.914
365,-0.0129
357,0.8728
228,-0.0387
182,0.25
84,-0.5472
94,0.0
659,0.8913
35,0.6249
711,0.8814
19,0.0
545,0.903
61,0.5709
14,0.0
130,0.3804
374,0.8558
589,0.7787
29,0.3182
33,0.0
110,-0.4939
36,0.4404
265,0.7964
1292,0.8993
182,0.5106
1304,0.8899
897,0.8874
28,0.6369
25,0.4019
60,0.0
520,0.9201
484,0.3207
1099,0.946
97,0.4939
1610,-0.9229
323,0.9299
137,0.0
9,0.0
9,0.0
115,0.1027
489,0.5501
131,0.6884
121,0.1796
416,0.3291
1722,0.996
674,0.5023
771,0.9554
181,0.5994
435,-0.3612
224,0.4802
176,0.6597
89,0.2732
110,0.6597
88,0.8555
9,0.0
7,0.4199
39,0.0
25,0.0
60,-0.1027
302,0.2716
129,0.0
22,0.4588
76,0.2824
78,0.2263
72,0.5106
65,0.7925
381,0.5083
75,0.0
177,0.6715
135,0.0
228,0.4215
857,0.9632
129,-0.2263
9,0.0
252,0.3984
97,-0.4404
66,0.0
916,0.9895
9,0.0
714,-0.2161
220,0.296
287,-0.6908
177,0.91
33,0.0
307,0.9022
42,-0.296
641,0.9563
24,0.3818
138,0.2302
1170,0.4753
599,-0.6428
475,0.9529
149,0.4019
220,0.1779
287,0.34
200,0.6059
257,0.2144
1564,0.943
55,0.8225
99,0.0772
89,0.0
4,0.4215
35,0.5267
314,0.836
200,0.0
2319,0.9952
32,-0.5106
124,0.2617
116,-0.4137
108,0.0
156,0.8047
75,-0.3612
54,0.6486
76,0.8176
269,0.6712
1661,0.9428
527,-0.7587
854,0.8591
530,-0.9019
393,0.4501
249,0.7059
26,0.0
153,0.0
79,0.8395
504,-0.7534
197,0.4215
120,-0.1531
57,0.0
230,0.2856
581,0.8271
72,0.0
60,0.0
9,0.0
9,0.0
43,0.4588
1144,0.5709
195,0.5023
137,0.0
84,0.0667
467,-0.743
123,-0.4199
307,0.6642
811,0.9172
80,-0.6705
168,-0.344
55,-0.2411
39,0.4404
58,0.0
386,-0.0352
349,0.0
36,0.0
55,0.6492
41,0.3818
516,-0.8494
711,0.6373
94,0.4207
101,-0.5092
365,0.1027
1274,-0.3311
172,0.1621
864,0.814
509,0.3182
37,0.0
119,0.0
52,-0.5423
394,0.6824
123,-0.1548
1305,0.9452
769,0.3612
230,0.0989
31,0.0
251,0.1779
168,0.0
60,0.0
281,-0.4588
31,-0.128
197,0.5279
278,-0.296
241,0.4404
86,0.3527
71,0.0
30,0.296
202,0.7501
54,0.0
469,-0.765
60,-0.6486
55,0.0
191,0.0
33,-0.296
219,0.0
222,0.8205
192,-0.6369
93,-0.5106
87,0.3939
94,0.0
91,0.34
218,0.569
265,-0.2942
123,0.0
276,0.8271
128,-0.4939
66,0.4215
90,0.4588
409,0.1655
67,0.0
861,-0.3291
336,0.7743
494,-0.6131
592,-0.0498
800,0.6962
140,0.5106
228,0.7959
84,0.5719
200,-0.1027
206,0.2732
131,0.8591
48,0.0
248,0.4019
226,0.4019
250,-0.5423
288,0.5957
236,0.3047
40,0.5473
61,0.8176
76,0.4588
261,0.4588
30,0.5859
583,-0.9186
105,0.0
677,0.8265
257,0.8769
74,0.0
294,0.6876
102,0.2732
46,0.0
135,0.6369
349,0.05
264,-0.2617
84,0.2716
109,-0.296
74,0.0
98,0.4404
341,-0.6808
46,0.4404
115,-0.6771
432,-0.5267
37,0.0
390,0.9013
333,0.0387
454,0.7717
45,0.0
698,0.5574
440,0.6096
3,0.4019
270,0.34
101,-0.2006
50,-0.1511
158,-0.6124
301,0.7717
233,-0.6966
448,0.818
168,0.836
156,-0.3612
219,-0.6705
153,0.3485
336,-0.8759
20,-0.1027
584,0.8481
129,0.4654
73,0.25
324,-0.3549
590,-0.7418
1853,0.9559
92,-0.5574
596,-0.2375
580,0.9111
143,0.4137
243,0.3612
117,0.4404
380,0.3804
57,0.3182
424,0.8418
58,0.0
387,-0.2023
108,-0.5267
33,0.4215
224,-0.3612
19,0.9042
79,0.0
197,0.4404
169,0.5106
37,0.296
22,0.4588
2967,0.9902
1815,0.9902
707,0.3329
1030,0.8786
83,0.3366
536,0.9775
254,0.0
551,-0.9226
442,0.4588
1053,0.4675
176,-0.3291
816,-0.936
97,0.0
86,-0.4201
403,-0.5719
169,0.0
261,0.7717
133,0.7476
168,0.2869
23,0.87
27,0.0
1805,0.9945
134,-0.1935
31,0.0
45,0.0
534,-0.1603
78,0.0
11,-0.296
30,0.09243818428809569
86,-0.9960765759986867
77,0.9999922851927003
60,0.9974498636939746
6,0.770416126011485
43,-0.6757298204975977
51,0.954675043900169
49,-0.741958328634091
83,0.010086958465234996
99,0.5073875875754883
35,0.9933106110420873
82,0.9840850527817271
29,0.04661135816187523
41,-0.9067469100479275
61,0.8266255315265874
96,-0.7056247674371303
208,0.7244905504850345
69,-0.29316657252850176
60,0.9734539045790549
30,-0.3759996571512354
136,0.9999999644003623
160,0.9999999999998757
117,0.9998856052614378
32,0.842886002189956
84,0.9997021928738747
91,0.9931758313003736
102,0.99973957098234
54,0.9972503820110963
84,0.9999044779833588
77,0.9286326064422421
54,0.9292662734927726
57,-0.09897452987026512
93,0.854577739143153
25,0.1490989484574461
73,0.9721015004085041
20,0.3914563816808547
56,-0.9626244350251352
110,0.9902811401783824
9,0.9414758455744432
19,0.9627950744504143
156,0.999962833701397
296,-0.9399614376095065
66,0.632767794902946
31,-0.790657881049172
191,-0.9887721685499335
58,0.9796710873500527
241,0.978489778524922
13,0.07715139597732557
52,0.14398719959350825
75,0.822552217155357
25,0.025321315898343633
6,-0.21917107282960968
53,0.4657453836090877
186,-0.9870189105033196
26,0.09838139554021752
9,-0.6805963243744766
51,0.844200299331181
102,0.1329481564092223
41,-0.22974027056609025
303,-0.6098337674687071
79,0.7413708007891182
20,0.3196525490748723
51,-0.9964162798413381
383,0.9999999999999987
90,-0.9394042274326555
33,-0.9814071450703818
513,1.0
116,0.9992309141290077
14,0.999530709320094
19,-0.019356177994614976
63,0.9999926277303655
98,0.9756620811928829
361,0.9999987838256132
13,-0.09237056878196226
70,0.9892077466914129
49,0.9940311362515208
23,-0.32417286446750615
43,0.780612220943101
39,0.6062698638937694
137,0.999975926488252
27,0.5337041669316465
70,-0.5783753487741063
383,0.999999988876743
23,0.8148053055120983
51,0.8351824909629675
153,0.9999501706393148
36,0.9342244421915928
163,0.9602487248143672
45,0.8229167091671787
81,0.13199664704596503
54,0.5737467870563526
47,0.43157690486967915
73,0.18729559084682545
61,-0.9994385566335142
84,0.8590498414163039
10,0.07185191618617237
37,0.6261217491801383
8,-0.9064502055041748
101,0.9993420796863375
10,-0.8594192422220852
135,0.9999998773481686
32,0.9953152897815696
51,0.8165739798590419
81,-0.41444992118848134
128,0.9998506693527358
31,-0.999340031633678
47,0.9858881795817818
78,-0.9999997497423665
1000,0.999982427955473
111,0.9924021675578742
24,-0.8618981116098032
34,0.7674420885562627
52,0.9751235202873962
365,-0.9999926651300468
56,0.951905954259205
35,-0.3631480264528486
90,-0.28443354780674457
290,0.9999999999996443
387,0.9999999834781146
51,0.9239237550497816
88,-0.3874824114072013
65,-0.05246556361561838
225,0.9999999242561304
19,0.1554913489324352
255,0.9999999900164656
88,0.9992788807109931
113,0.3095320776581416
36,-0.9277915457392802
67,0.3189297687975372
85,-0.818189926906286
59,0.6367655924261055
118,0.9979265290298753
374,0.9999993418969979
716,1.0
85,-0.9037501048069776
74,0.9528407133408254
237,0.9953827024261801
46,-0.6756373867279433
70,0.9321868132500932
48,0.9110623724065761
80,0.6352625923713615
35,0.8102058015824773
34,0.9892339253400293
950,1.0
23,0.5619667885982484
138,-0.9744084739358057
44,0.9746185880603637
6,0.6470588235294119
384,1.0
28,0.7877151439227312
231,0.989778089508297
94,0.9999904457094126
21,0.9682675299422219
65,0.2513753913610772
176,0.2622348330971025
76,0.8756956283551971
38,-0.6182128278476582
78,0.9733876792280838
134,-0.48826283317757824
20,0.15464831056137163
87,0.9999671949016922
122,-0.9804470890960642
73,0.9998973429385547
17,-0.31312191230754394
402,0.9999999999918971
13,0.5519004494649877
12,-0.2309353077021059
142,-0.9160155007802457
54,0.7574317178367551
28,0.9338734952254213
84,0.993058841855549
38,0.9999335266635427
20,0.6586538292249082
13,0.48025454808341683
87,0.26492110821781933
43,0.6997166335091543
86,0.999910953679624
90,0.9986107621164719
75,0.9999307795419086
132,0.7942189995718894
83,0.9993407143430031
32,-0.35769761342736084
23,-0.7603740284813583
24,0.5229803057712847
8,-0.5450742985926815
30,0.1491319955343755
28,-0.9444706967309533
25,-0.4440255043286798
66,0.9688257496055996
4,-0.4318577956081151
197,0.9997537885433398
113,0.9999999842229934
22,-0.8825954379834782
21,0.5942614713283165
27,-0.21983766177212494
13,0.19449928812658146
6,-0.21917107282960968
8,0.9314769315815354
49,0.7400651610576743
61,0.06543569884022604
8,-0.5938466879598776
29,0.959339144776443
19,0.3470418308148069
96,0.999955611219679
43,-0.22041339170788476
48,-0.2262898352587892
131,0.9218336797003504
53,0.956923753437261
173,0.6306448220962051
36,0.06467580555675911
62,-0.8227622500104916
43,-0.6216847281430369
76,-0.2577390871201215
53,0.9932110113030654
28,-0.48192433607686636
5,-0.25239950316779747
51,-0.9580842998048227
25,-0.8250432794130333
18,-0.5435052978923813
11,-0.7259065650092771
20,-0.6412904989521111
109,0.9799109911658648
74,0.2666741551799703
313,0.9999999788264857
37,0.17877280394990103
31,0.9509640250297291
24,0.8216664446311934
32,-0.6633687471313356
56,0.15328747179947033
55,-0.9355130419885564
48,0.3576391003513104
98,-0.8562724606599268
15,-0.201852358327131
10,0.0091929207829331
70,0.3452489143469366
19,0.5591812954402249
32,0.6502611567323933
90,0.9992399440682569
68,0.9992112198985852
24,0.7581895634152198
56,0.5569873833192054
78,-0.8807040863625284
48,0.9771025656493435
57,-0.2858599893337628
5,-0.6530750889358581
74,0.3138456189013219
64,0.392214354895424
70,-0.9234911407324584
18,-0.823383870766853
44,0.8827155721165063
30,0.27039087352528113
14,0.07715139597732557
53,-0.46809882433729544
36,-0.5020211017347924
92,0.09233611261528663
61,0.5760442951231317
28,-0.0022859374812900235
59,-0.4063682012644916
116,-0.9879954042998933
85,0.9958860485757366
27,-0.5994440030531183
55,-0.9912608203597759
42,0.4734148541527796
27,-0.5476886427199068
60,-0.9053870600730551
55,-0.913891736410571
44,-0.6470606189931756
26,0.5291203987132298
11,0.36069042696803133
381,0.9999999660370229
21,0.9367482902084483
62,0.37630988237820007
74,-0.7027489486184573
155,0.9943815561307849
5,0.49556958876797785
137,0.9999999910785204
80,0.16480533428810618
18,-0.5241059131093402
19,0.34990159162302636
50,-0.9014410950621461
66,-0.998424486908247
171,-0.999504547321383
18,-0.14854220163479015
20,-0.007612766420928452
58,0.3097833623240571
59,0.5243399132884718
65,0.9353044799802928
43,0.9613907124505061
89,0.9999970090004633
308,0.999999999983133
3,0.5572441994176884
35,-0.2782208154987378
33,-0.9063534542969778
17,0.8484378078514931
42,-0.9867262313142755
57,-0.4160965134777477
16,0.2734247207848983
41,0.7479211025862382
96,-0.9000962248845699
20,0.6711643110568508
45,0.9415761615033518
32,0.9897026008234178
73,0.5479340967719004
102,0.9960886426136262
70,0.6041150497983154
106,0.9968803132222683
71,0.9909582770550369
385,0.9983902522984824
46,0.43573153008795495
40,-0.9803804949543828
139,0.9999173661532088
23,-0.7619566508292297
32,0.5778947619810937
67,-0.8833766327132051
159,0.9982644984833497
53,0.9926124180055946
11,0.0015686346950019026
54,0.8619387728800403
35,-0.9984691159925319
30,0.549690645020223
18,0.9415765186651159
12,-0.6460462343923312
15,0.12092437324494254
40,0.9974564131123786
36,-0.13072765463437608
80,-0.8776807911459323
62,0.6585360605271211
104,-0.910773960426988
4,-0.05246556361561838
54,-0.06024758599407254
41,-0.930966772287426
76,0.9847684843399336
46,0.37767815009445216
14,-0.03374013403446252
256,0.9999818545851067
34,0.34805724085669887
274,0.9999999997175917
154,0.9998929728604855
21,-0.2738471524805439
81,0.9554334757396097
16,-0.1479249803343743
31,-0.8392556793125141
41,0.8083946827702224
6,-0.33950286734710144
57,0.9987354894879921
93,-0.9169077571198929
191,0.9980836489957967
501,-0.9968222567273626
164,0.21267924059911825
116,-0.9996683079071211
80,0.25984172156169216
85,0.12082435708799277
61,0.6849120033687266
89,0.9999809730809799
37,-0.3970197234826638
67,0.642833544550165
94,-0.147867779738575
269,-0.9993220303176378
16,0.6086606425076764
16,-0.8730983897583173
20,0.08887776273891035
22,0.2552085293151327
73,0.9999962622333918
156,-0.9948176768906216
23,0.14488673344295444
358,-0.9999999999392455
461,0.9999130329876016
21,-0.45900102603157134
457,0.9999999999999716
18,0.4915121766711097
149,0.49069599166235744
129,0.9295178274706295
51,0.5220558792928287
13,-0.3442338503533928
25,-0.7316752904760602
12,0.7357139072288521
29,-0.8115063928525461
135,0.9996020690770564
19,0.7586862174572755
90,-0.9009215541319877
26,-0.21427005012161193
16,0.8694794776920787
63,-0.9987367619172822
39,-0.4772792648200357
93,0.6333430342392496
117,0.9999982723172123
107,0.9969638549786124
46,0.8830959458071388
11,0.4552875124984306
144,0.9999420416949067
10,-0.21055763886445966
150,0.6908133870999367
14,-0.6573635720239701
4,0.3897394531522296
17,-0.22507484419223767
47,0.9863463574101101
361,0.9984713979589412
62,-0.9959603673685014
486,0.999999845185441
20,0.7467459488896828
68,0.8904860528744274
142,-0.8450027834605425
77,-0.1364500432683533
442,0.9910137383738846
13,0.8842102079050191
164,0.999961117504435
65,-0.9520957465095539
14,0.5747126072547575
17,-0.4285655576509495
90,0.9961628112354108
39,-0.22552117959810314
77,0.9806726105362844
45,-0.9952425392624882
6,-0.3979596177610034
34,0.45682274498178255
65,0.37836033530772695
14,0.04283108892521881
59,0.14154955122194535
68,-0.179588080458285
51,-0.8290917027950799
9,0.29992177322738356
32,-0.998802400228507
15,0.6850175984722737
60,0.4580658528027284
20,-0.17445337230432512
21,-0.10586283179772105
10,-0.6870732012601226
13,0.7161054559045694
17,-0.19751914063850284
28,-0.4198066972793004
40,-0.44425322250796784
56,0.8514116556700331
128,0.9650273598159664
52,-0.6169935528626169
62,-0.23082605108886955
150,-0.6174311549000067
59,0.60374540770722
12,-0.32291158084919713
14,0.3323882150688313
465,0.9998951784887229
20,0.4196725777461685
124,0.9497184606056128
77,-0.9106645869538152
15,0.667690203682527
41,-0.501617965424977
24,0.34248262378158567
58,0.9094343145623878
51,0.3784416957045873
39,-0.9263403621584192
103,-0.38603436808591796
55,-0.3255381168568674
59,-0.8797213872075906
15,-0.7061997469613075
28,0.9622461064700232
29,-0.2330196832254352
64,-0.9592694142366551
64,-0.9572638012404355
64,-0.9592694142366551
64,-0.9592694142366551
64,-0.9149024117416218
157,0.9999513304636776
93,-0.45664009323151644
24,0.9627751545961194
21,0.8514139508758305
238,0.9999747585638432
16,-0.5544625278405766
64,-0.9572638012404355
168,0.9963747798135838
43,0.9205812723657272
40,-0.8324361906639852
64,-0.9572638012404355
76,-0.961442469679707
26,0.22125655309347336
56,-0.9463094449182725
37,0.15035185665846096
85,-0.7320370073191242
17,0.652179051301931
73,-0.8177134153944676
71,-0.9861226922165753
1237,1.0
32,-0.9654536740781561
56,0.7431224589792624
124,0.993097709198856
86,0.9998950059029139
252,0.9999999681160796
71,0.9499496583424416
105,-0.9937732214063855
54,0.9982732250022828
109,-0.32995417196005317
95,0.9032710291337664
11,0.992786520313315
18,-0.2415245594449169
119,0.8161513629147559
419,0.9968700008546407
63,0.9294920728378262
24,0.8220269325512422
75,-0.8719144945611341
189,0.012529592815008428
64,-0.9592694142366551
80,-0.983894192138169
8,-0.2841165091772644
101,0.9943282615116436
50,-0.8209699302756159
41,0.9959765860210186
54,-0.9505613535106832
70,0.916245909428892
103,0.7702132937481787
75,0.9536725826633679
47,-0.19423267250450493
28,0.5144736880463463
23,0.9470378994909756
209,-0.11692268808425399
42,0.026640669658538174
480,0.9999999999701163
64,-0.9592694142366551
64,-0.9592694142366551
39,0.9861093934357212
44,-0.17115542634568048
85,0.9999991433788735
28,0.38467997205489124
33,0.7231434631298506
87,0.6754285975242975
5,0.03862776615917918
43,0.6526125344366245
18,0.9664620767944818
36,-0.9139843945870099
103,0.5874434098379624
65,-0.9794359062151019
168,0.9983103810004139
26,0.5624445225955315
64,-0.9592694142366551
64,-0.9592694142366551
64,-0.9592694142366551
50,-0.9760217982322097
89,-0.9936137405432472
84,0.8540329085678422
73,-0.9899905259472885
64,-0.9592694142366551
86,-0.3161907830716828
54,0.8789246399889434
174,0.9412530694081198
189,0.5436600830139915
53,-0.914655129413928
29,0.8519343742943712
120,-0.9934628438081508
64,0.7895045627467767
64,-0.9592694142366551
140,-0.27517924577619524
8,0.655113869320914
18,-0.2830997880280257
119,-0.30613168800900836
34,-0.9946042221390228
54,-0.38223683327565205
79,-0.9991892104021569
54,0.9077977824918422
70,-0.9780510617990092
130,0.18213349829707703
25,-0.45193413378824276
217,0.9917017500340728
41,0.7689517921767253
42,-0.5446779835796969
70,0.998688803335603
13,-0.30058487747221263
50,0.9819739575367177
31,0.8032382423587836
179,0.9998138641548537
40,-0.2904050312580708
400,0.9999999964289485
43,0.8421857454150432
58,-0.7509649785032588
184,0.9858490523658938
110,0.8592650410238329
13,0.0
16,-0.4404396013231564
88,0.9888537402054656
27,0.2511338747287981
102,0.9901364748524559
64,-0.9592694142366551
23,0.2860264905694776
14,-0.12240415860291498
79,-0.07357848732450556
32,-0.2189062832593549
26,0.977667353214706
78,0.9997906829983736
9,0.3955310417374156
20,0.522310041445033
70,-0.47368936915209936
8,0.8766996822598601
22,0.9574399974454382
22,-0.7601053938966105
95,-0.9956766746380412
168,0.9215905617225582
20,0.8597682149272481
20,-0.45763495832270396
95,0.7709509961190661
48,-0.157629419842938
79,0.9988941687098754
50,0.8801428168902958
24,-0.8951972238975685
85,0.13230324237196012
36,-0.14226160612084948
59,-0.8489786677457098
24,0.39758897646003244
31,0.7182465907159912
281,0.9999999999518812
52,-0.5344879120133341
154,0.31571388930175415
39,-0.1213223941862096
55,-0.9170036188644164
19,0.10809090767830609
88,-0.46825337108142917
8,-0.7538261228673102
104,0.9014073392370854
24,0.2948967800915061
89,0.609374924858759
15,0.7879907148606968
43,0.9057186048602637
252,0.9990349751761436
76,-0.10829620019749364
32,-0.05481170148921066
85,0.9749531856395321
29,-0.9372409141830627
31,-0.5008426300692086
20,-0.3726298589068864
63,-0.8567248960061244
26,-0.5638336810454043
31,0.8037639526370914
106,-0.23241010316885458
95,0.9999892359082816
15,0.6781891022508915
60,-0.7652924722723164
5,0.0
34,0.5664764069017929
112,0.9965521335701433
30,0.982237195217468
60,0.9999727987478382
68,0.7345490019179113
32,-0.9767234608560029
144,0.9999999060995393
26,-0.156250804938048
14,-0.6938079112594966
187,0.9985935008670186
17,-0.7364957194497721
52,0.5760871597701627
15,-0.4241746540690423
28,0.11422286260401693
15,0.3543681113314874
58,-0.5978358375576842
16,0.045648446599479975
95,-0.007155979968158199
31,-0.07934145395462844
26,0.9511151791650978
23,-0.20707249059648158
92,-0.9418764723931121
322,0.9999999724218176
69,-0.9268308838880945
20,-0.14961552659166655
34,0.9397010460829769
13,-0.4146956394582402
26,0.38141132306409964
31,0.035213059837492455
85,-0.49321149061567504
32,0.9606808181906765
37,-0.3844135883356665
21,-0.5983638475787596
20,0.7786807624834067
64,-0.8598405984368866
13,0.0458299009831149
47,-0.8336079416694377
139,0.9999951425914926
86,0.9988095335762182
41,-0.7000328289005693
35,0.484030295811805
35,0.9974957260081736
130,0.9999999596626497
15,-0.6648877722086259
19,0.31872502919812695
24,0.16613277387909497
100,0.9998206130787961
80,0.6742295111633443
9,-0.1710415520122699
20,0.01925023815490179
1546,1.0
156,0.9951657514796857
27,0.4252013941766246
37,0.680038109684932
42,0.984138679125405
28,-0.7828948015020272
25,-0.05038521740678359
303,-0.3435433646371848
192,0.9370093163775954
32,-0.839052564489285
41,0.8946691899846895
56,-0.37772469661965347
27,0.9739872730623944
32,0.9892195085398312
41,0.22705258991654076
130,-0.6700479606242478
61,0.9999562350457503
74,-0.9996770972805695
75,-0.986661932958754
11,0.016559872456232583
18,0.9008565133808688
13,-0.1931201725627052
76,-0.6523786245556973
90,-0.9801508348780539
99,0.937953293534352
127,-0.7960010494333019
14,0.4592156286506037
64,0.7638762273456055
20,-0.10464308298026648
76,0.9949299435252796
168,-0.9726744730849386
246,0.980440971192239
28,0.6784052619076986
628,0.9999999999521587
24,-0.5984315585639333
70,-0.19111380365703634
206,0.9999998501839655
31,-0.031349272458048416
41,-0.7231608371315392
39,-0.39502008017995793
34,-0.33549003837581703
110,0.9999995670342723
88,-0.9971890855582006
34,-0.9078599116624309
22,0.020300204683790124
66,0.7889877954934896
35,0.2887571924460932
26,-0.38663807702672615
281,0.9999905122712549
136,0.9999032474753828
404,0.9999993690295583
55,-0.9142447931201654
520,-0.9980669478900912
401,0.9999545202352531
23,-0.6400334012292912
237,0.9971705574284175
24,0.892152522504281
52,-0.260702420497146
104,0.5862413061018796
36,-0.5969013963630112
40,-0.8039312606896745
85,-0.9914039337980523
19,0.7411537474955456
130,0.9999998730155335
31,-0.5256872566958697
91,0.5583687310617513
45,0.6502740761576988
50,0.5751945466828903
18,-0.5851927341909073
28,-0.9476608019860289
25,0.0011966885599958843
44,0.8888287293464872
36,0.3421283207451631
34,-0.9161686018876114
11,-0.4857557291985277
18,0.3189438802640985
64,-0.7528695730330084
33,-0.901747711866244
45,0.17535239251359291
66,0.016096740081332994
49,0.9947711319045953
101,-0.7831095199252791
24,0.7337197847241157
10,0.0011822721064234099
24,-0.9916933029000554
44,-0.12271221411887123
81,0.9979354765922441
80,0.08510654204885681
28,-0.10177070830334123
8,0.20135557170791052
55,0.9945643950411651
39,0.9884167946167699
39,0.4671129838537884
13,0.3638124588588041
16,0.19017459195933428
48,0.5750463762793951
58,-0.5909664513611212
70,0.9999944783419534
19,-0.8797875706179874
99,-0.9459171593136309
91,-0.047988997891667884
18,-0.245513345515751
746,0.9999999999942841
29,-0.9775763291333917
70,-0.9999943493141943
76,-0.8411153634969899
17,0.761408532619603
65,0.9514417720090005
16,-0.9100958237220604
50,0.9995761116878825
10,0.9834652785418885
59,-0.959692123357921
39,0.4685504579407147
12,0.664280188747552
67,0.8957886382040534
33,-0.9999759782652327
16,-0.43027744705716087
116,0.16180923968083794
37,-0.1693271567364263
128,-0.8911611180695322
41,0.7745277416595069
21,0.14470545477807706
46,-0.1271272283051248
15,0.28644479979391013
41,-0.3617374454721054
65,-0.13803405114398148
26,0.2937101536187594
9,0.9742713065732129
11,0.39740974549119623
33,-0.8099260981531089
25,-0.8326051517900672
38,0.8627193364571364
15,-0.11239580105533498
12,0.9400568013936759
25,0.9907283224244505
16,0.1538876970133305
40,0.999130285707593
20,0.6499542515254157
15,0.85715076384501
2,0.38900582535435624
13,-0.12608885964849836
21,0.11177964840241095
31,0.015091780836373525
26,0.7536328373014041
1264,-0.9999999999923408
18,-0.8149102062044047
9,0.389207123504524
12,0.33638495561296633
65,-0.9992662746222452
16,0.552892947478016
15,-0.809595574113513
10,0.6594316100427025
6,-0.3641967001189621
50,0.8083950630404271
12,0.27323497053727697
28,0.3906220636792783
25,0.38812487408311225
22,-0.955999267981327
27,-0.7972239460447743
30,0.9829465976897211
26,0.07801152359599195
156,-0.997977031020912
19,0.9999105824433123
6,0.8401521259342635
33,0.4812776300668473
57,-0.835413956707564
48,-0.4478560036172017
36,-0.43475269314335296
18,-0.34388879729895505
16,-0.8530085994283729
17,-0.9329131197298106
19,0.8867018963747795
26,0.9956330561467841
28,0.901782290078093
21,0.9692244792366986
14,-0.923219854009915
9,-0.3992114555510551
18,0.08013633327910186
28,-0.37233561947666294
15,-0.2522175039914909
12,0.9295596281607297
16,-0.38901994001050233
27,-0.16046766715403482
21,0.7526377656544059
130,-0.9998706540868061
53,-0.5037180080095975
26,-0.9990390988434181
2,0.0
2,0.0
11,-0.9259336636268916
18,-0.9144032093404055
5,0.43011045337579934
14,-0.45934847941103896
7,0.37235734381787
75,0.9999999873753813
4,-0.6507123394036727
17,0.998118911696515
18,0.9691176101061791
17,0.9938748084582394
13,0.9127136264343085
35,0.8340276860263505
12,0.5159348841137701
58,0.9951930008671135
17,0.8891457574050665
11,0.758866231970891
56,-0.9622944984754329
13,0.9268080029638293
17,0.9267077162121466
43,0.029473546398088413
52,0.21476395389556102
3,-0.9354044557974379
353,0.9999999999816565
29,0.9929120506980529
12,0.7021284658729994
35,-0.9979538085399802
23,0.9737617516884691
35,0.9873018015488602
24,0.19714957349243378
34,-0.6777263459600966
23,-0.09394913931852811
12,0.6923341382170611
38,0.9512238512358875
25,0.932863408965156
26,-0.7233619262470505
4,-0.24272269391146573
589,0.9999999999776232
9,-0.29809492532025517
11,-0.6325532072931168
13,0.8814377097911985
20,-0.5940379722450604
10,0.1759093701458534
20,0.5231773712359027
24,0.7134683991287647
19,-0.6111522783393377
12,0.015552208748198737
47,0.9725899915824254
44,0.6415609308945855
72,0.9997145697693632
7,-0.01468173730160971
24,-0.9790204246795811
70,0.8189439389399933
13,-0.5480283904965353
12,-0.4083119931245971
78,-0.5863427924530349
4,-0.20380084093021367
73,0.6031577307526717
106,0.9999910485440497
79,-0.9998720203786648
4,-0.5817838673661397
4,0.4492854231238308
3,-0.017261742742865627
20,-0.9006496657508012
5,0.0
63,0.8258294585348676
5,0.2548083141732991
9,0.618184878578564
33,-0.9369610734811971
17,-0.7626118779837685
12,0.085404348362905
342,0.9999882507513511
76,-0.9762577020848833
43,-0.36947856509978005
46,0.9869040045266084
106,0.99999916989406
30,0.23183467088905885
58,-0.18759447246141736
90,0.9999802932109163
44,-0.5371668627172257
25,-0.08525477833812212
42,-0.38502929160056554
13,0.9455112714369107
33,0.7574118941380608
13,-0.9917319540329774
29,-0.5239127828600529
11,0.25925577280703993
56,0.9589714541449368
71,0.9989291272959402
43,0.9094272167557467
6,0.7109186641454297
27,0.7080472762663741
36,0.6971538470197132
32,0.8403561572333209
8,-0.28263400525096327
21,0.1950178246546228
54,-0.6235723303992668
39,0.9673873732637772
47,0.9880652740682689
49,0.997124908937844
52,0.9836647614121827
22,0.46838204071988887
19,-0.43052329963008296
133,0.9699256919489254
15,-0.9479153118200803
50,-0.7022669826090353
34,-0.9829815773793504
39,-0.6295362379647589
11,0.14405893329875918
19,0.9928474018402338
