﻿bv_id,oid,level,root_rpid,rpid,parent_rpid,uid,uname,user_level,ctime,like,message
BV1gD421u7oT,1505658150,1,226327685520,226327685520,0,411031467,北米超级人,5,1718372059,70,我不认为如此，我确实了解一点前端开发的工作，ai非常非常的蠢，很多时候不理解我要的是什么，也没“大局观” 不过我是持悲观态度的，如果ai进化速度比你想象的快呢？
BV1gD421u7oT,1505658150,2,226327685520,226473502672,226327685520,244848731,V5电棍儿,6,1718448907,0,还真是
BV1gD421u7oT,1505658150,2,226327685520,226500738336,226327685520,3493135709637209,梢藿,5,1718458741,5,ai最大的问题是不会创造，比如人类通过一加一等于二创造了数学，但是ai只知道一加一等于一
BV1gD421u7oT,1505658150,2,226327685520,226512893104,226327685520,317431829,wearehhhh,6,1718462989,0,回复 @梢藿 :但是一加一不等于一[思考]
BV1gD421u7oT,1505658150,2,226327685520,226517003424,226327685520,3493135709637209,梢藿,5,1718464428,1,回复 @wearehhhh : ？你在说什么
BV1gD421u7oT,1505658150,2,226327685520,226517024640,226327685520,3493135709637209,梢藿,5,1718464449,0,回复 @wearehhhh : 看错了对不起
BV1gD421u7oT,1505658150,2,226327685520,226522170128,226327685520,1292721538,殳冥,6,1718466221,4,回复 @梢藿 :布尔运算是吧[doge]
BV1gD421u7oT,1505658150,2,226327685520,226522810016,226327685520,43773123,江海渔,6,1718466494,4,回复 @梢藿 :ai的逻辑性比人类强得多，你说不会创造那是电影里的说法，神经网络本身就是用各种运算的堆叠，只要算力和网络复杂度到了取代人类没什么问题，你现在看到的ai只是特定领域的模型，远远没达到那种强人工智能
BV1gD421u7oT,1505658150,2,226327685520,231068005696,226327685520,438769502,去码头整点薯调,6,1720782080,0,回复 @梢藿 :精辟
BV1gD421u7oT,1505658150,2,226327685520,235924261024,226327685520,350718162,墨斯涅尔夫斯基,6,1722869714,1,回复 @梢藿 :你觉得就业需要很高的创造性吗，画师这种需要很强创作能力的行业不都被替代了
BV1gD421u7oT,1505658150,2,226327685520,250154030752,226327685520,26013344,第哦机,6,1734653946,1,你要是这样想的话，什么破技术都有可能取代任何东西，未来一切皆有可能。说了等于没说
BV1gD421u7oT,1505658150,2,226327685520,250517041792,226327685520,399693019,午萬,5,1735010411,0,程序員被替代和人類被替代會同時發生。科技和技術沒有如果，你寫：&#34;如果ai进化速度比你想象的快呢&#34; 就特別搞笑。
BV1gD421u7oT,1505658150,2,226327685520,250039818321,226327685520,411031467,北米超级人,5,1735017008,1,回复 @午萬 :我「如果」的是你沒有跟上的思維，現在ai就是比人類想像的發展更快，十年後你這種低級程序員就沒工作了[笑哭]這也是我為什麼從cs專業離開，別欺騙自己了
BV1gD421u7oT,1505658150,2,226327685520,250527631936,226327685520,399693019,午萬,5,1735018974,0,回复 @北米超级人 : 也許你是對的，不過我不預測未來，也不「如果」。我現在是架構師了，公司給錢也蠻多的，就先做著，十年後我這種架構師沒工作了我就去送外賣，這十年的錢公司也不會收回去阿。請問你現在從事甚麼工作？錢比程序員多，可替代性又低。
BV1gD421u7oT,1505658150,2,226327685520,250064613185,226327685520,411031467,北米超级人,5,1735039147,0,回复 @午萬 :我在讀phd，我對打工沒興趣[呲牙]我以後的工作就是管理你們
BV1gD421u7oT,1505658150,2,226327685520,250567843872,226327685520,399693019,午萬,5,1735050799,0,回复 @北米超级人 : 讀phd跟管理別人沒有相關性，phd是做研究的，可以當教職或者研究員。為甚麼你覺得讀phd可以管理別人呢？
BV1gD421u7oT,1505658150,2,226327685520,250096513713,226327685520,411031467,北米超级人,5,1735068266,0,回复 @午萬 :[呲牙]好好打你的工吧，我自己讀phd需要你告訴我phd是什麼？自以為抓住了邏輯謬誤，實際上已經開始語無倫次了😂😅🤡
BV1gD421u7oT,1505658150,2,226327685520,251552692737,226327685520,3546669283018768,MHYYYY_,4,1736596269,0,要这么说的话任何行业都可能被ai取代啊，毕竟ai进步足够快可能会直接取代人类
BV1gD421u7oT,1505658150,2,226327685520,253690449937,226327685520,398319384,野兽先生_official,5,1738633412,0,回复 @梢藿 :问题是大部分人也创造不了数学，大部分工作实际上做的也是重复性工作。比如写逻辑性代码 全体力活。
BV1gD421u7oT,1505658150,2,226327685520,254288904065,226327685520,386216061,火树银花HUA,5,1739179775,0,回复 @梢藿 :但是，很多的程序员也都没有创造性，而这部分基础程序员占了大部分
BV1gD421u7oT,1505658150,2,226327685520,265846726704,226327685520,26013344,第哦机,6,1750128009,0,你也知道是如果啊，如果它进化的没你想象的那么快呢，甚至原地踏步呢
BV1gD421u7oT,1505658150,2,226327685520,266804896816,226327685520,3461571395193211,神栖66汀,4,1750964299,0,回复 @梢藿 :你怎么定义创造？你怎么知道ai不会创造？
BV1gD421u7oT,1505658150,1,226483024336,226483024336,0,1261097715,北地鞭,5,1718452230,31,只能说目前的ai代替不了程序员，但如果觉得以后也不能，那可以试试看，chatgpt3至今满打满算也就四年，你指着一个20后说他替代不了我的工作，怎么想怎么可笑
BV1gD421u7oT,1505658150,2,226483024336,226500868288,226483024336,2142578,萝卜今天不写游戏,6,1718458827,23,学AI就是个对AI怯魅的过程，现存的AI架构再怎么改良 怎么训练 也很难突破“平均程序员”这一关。至于你要说会有根本不同的新架构出现，这个完全有可能，但似乎目前业内的模型专家还没看到，老程序员们也没看到。仅供参考
BV1gD421u7oT,1505658150,2,226483024336,226520302528,226483024336,396491409,阿噜素,6,1718465604,2,目前这种思路的ai替代程序员是不可能的，长远来看，当前阶段更像是一个有成果的弯路
BV1gD421u7oT,1505658150,2,226483024336,243771379664,226483024336,106031827,曼珠__沙华,5,1728012267,1,回复 @萝卜今天不写游戏 :以前我也是这么想的，现在不这么看了。哪怕就把AI当成一个大号的最小二乘法，但现在我相信了，不管能整出什么新活，一个强大到极致的最小二乘法就足以取代掉程序员了，只不过是时间问题
BV1gD421u7oT,1505658150,2,226483024336,243784662641,226483024336,2012740180,Proletarier__,5,1728196907,2,回复 @曼珠__沙华 :照你怎么说，啥都是时间问题[doge]反正ai代替人类都是时间问题
BV1gD421u7oT,1505658150,2,226483024336,243996637712,226483024336,106031827,曼珠__沙华,5,1728230378,5,回复 @累死的狗狗 : 现在很多程序员之所以还不能被AI取代，写代码都是其次，主要是需要人去理解和设计一些较为复杂的业务逻辑，这个AI短时间内办不到，但现在看来，这绝对也在AI有希望达到的能力边界范围之内，尤其是占程序员中大多数的普通产品线的前后端开发运维和测试人员的工作流，这部分工作迟早也得交给AI。
BV1gD421u7oT,1505658150,2,226483024336,246370848656,226483024336,1655518235,shan_luan_,5,1730809942,2,机器翻译出现几年了？哪本书敢标榜自己完全机翻的了？
BV1gD421u7oT,1505658150,2,226483024336,246374625488,226483024336,1261097715,北地鞭,5,1730812836,6,回复 @shan_luan_ :出自北京青年报 “2023年12月，起点国际畅销榜排名前100的作品中，有21部是由AI翻译的作品。截至目前，由AI翻译作品贡献的营收目前已占阅文海外总收入约30%。”
BV1gD421u7oT,1505658150,2,226483024336,247058019536,226483024336,26013344,第哦机,6,1731540692,0,以后什么事都有可能，太阳还能爆炸呢，你拿一个毫无论据的观点说别人可笑，到底谁可笑
BV1gD421u7oT,1505658150,2,226483024336,253247274544,226483024336,490217631,毒牙pig,5,1737635823,0,回复 @萝卜今天不写游戏 :又祛魅了哥[doge]
BV1gD421u7oT,1505658150,2,226483024336,252920879873,226483024336,340309499,mptyvr3e,6,1737893978,0,回复 @曼珠__沙华 :怎么每个和ai取代程序员的视频下面都有你啊
BV1gD421u7oT,1505658150,2,226483024336,261277388849,226483024336,3546554723994389,Wayc999,3,1746587244,0,回复 @萝卜今天不写游戏 :哥们，现在呢[大哭]
BV1gD421u7oT,1505658150,2,226483024336,270147661776,226483024336,675071733,赤达i,6,1753521370,0,回复 @萝卜今天不写游戏 :现在呢？
BV1gD421u7oT,1505658150,1,271918210993,271918210993,0,22593967,干锅牛油果,6,1755587193,3,我这个年纪已经经历过n次ai浪潮了，我只说你看ai能不能真的替代人主要看ai有没有本质上大突破的部分。到目前为止，很可惜没有，现在ai玩的这一套和几十年前ai比没有任何大的突破，注意不是没突破，而是没有本质的突破。到现在都是假ai，依靠海量的数据和算力。让这一次ai能区别前几次的，不是技术而是数据，因为有大数据积累。但是不好意思，从这个角度来说，我算悲观的，因为我认为对于通用ai来说，大数据快要被霍霍完了，我们人类社会积累到现在的数据不够现在这个形式的ai持续快速进步了。算力的提高也会到顶了。单纯依靠算力的ai一定是死路。现在的通用ai很可能会很长时间原地踏步，不是说不会进步，仍然会有微进步的。但是大家想象害怕的那种完全取代，我非常怀疑，等你我他都退休了都不见得看得到。ai的突破需要的各个基础科学突破，ai是极其综合的科目。我相信但凡搞过ai的人都知道ai有多依赖学科综合。但是哪怕原地踏步，现在ai已经能大量提高效率，就会造成大量初级工作减少，但同时又会产生一推新的基于ai的新工作出来，只是需要工作类型的转移。我见过无数公司想用ai替代的，但是折腾一圈完了发觉大部分公司而言，ai应用无法落地，或者确实有需要ai的，但是要让ai真的有用所花的成本算出来吓死个人，大家不会真觉得公司用ChatGPT或是DeepSeek和你打开聊天窗口那种一样的吧。
BV1gD421u7oT,1505658150,2,271918210993,274156371344,271918210993,603257309,特别文化行动,4,1756253369,0,"为什么resnet和grpo不是突破  

还有一个问题是 新的工作现在看起来并没有被创造出来。  现在在就业现在在就业率数据上可以看出来这方面的问题。 Hinton之前也说只有水管工可以幸存。"
BV1gD421u7oT,1505658150,1,243199939969,243199939969,0,354594678,Lobes_Promise,5,1727519811,10,"现在所谓的ai就是骗投资的。因为它根本就不是ai，人类连大脑和意识本身都没研究明白又怎么创造智能呢？根本就没有标准来判断它是不是智能的，现在就是谁声音大，谁智能。
不过话说回来现在这个所谓的ai，并不是说它一无是处，他确实会改变世界的方方面面，只是没有那些自媒体吹得那么邪乎。其实这套算法几十年前就有了，只是当时光有算法没数据，所以无法实现。最近十几年随着网络的发展，数据量起来了，所以这套算法价值就体现出来了。"
BV1gD421u7oT,1505658150,1,277320454608,277320454608,0,437262516,xu666i,4,1758972166,1,"现在呢，你去试试gpt5 -max最大上下文模型
[doge]"
BV1gD421u7oT,1505658150,1,265846823440,265846823440,0,26013344,第哦机,6,1750128093,3,AI编程其实就是个大号快捷复制粘贴工具
BV1gD421u7oT,1505658150,1,266445728257,266445728257,0,3546775224846356,YaroZach,4,1751580034,2,"替代 ≠ 减少
保留高精尖程序员和普通程序员大面积被取代不矛盾吧[doge_金箍]"
BV1gD421u7oT,1505658150,1,226482824512,226482824512,0,86215509,范马孔圣人,6,1718452172,22,ai确实目前替代不了程序员，up说的对，就是大局观。程序员写的大多数要不断堆💩，ai就是一点一点砌砖，到了一定高度地基就不行了。
BV1gD421u7oT,1505658150,2,226482824512,228537760304,226482824512,440439809,不可思议之国的アリス,5,1719541643,2,ai主要是记性差，老是忘了自己之前都写了啥。
BV1gD421u7oT,1505658150,2,226482824512,232005953904,226482824512,89666457,狠狠用力抽宋,6,1721216879,1,Ai可以了直接生成网页的。。
BV1gD421u7oT,1505658150,2,226482824512,232039447648,226482824512,86215509,范马孔圣人,6,1721226483,2,回复 @深刻人生体验大师 :写网页的活是个人都能干，ai最大的缺陷就是没法创造出人类无法创造的东西。
BV1gD421u7oT,1505658150,2,226482824512,232039867984,226482824512,86215509,范马孔圣人,6,1721226619,1,回复 @深刻人生体验大师 :ai写就和楼上说的一样，经常顾头不顾腚。
BV1gD421u7oT,1505658150,2,226482824512,240825749664,226482824512,618564343,shi小光,5,1724939562,1,回复 @范马孔圣人 :ai没办法创造，只能拼拼图
BV1gD421u7oT,1505658150,2,226482824512,241788359504,226482824512,521284819,蜡笔酱酱-考研版,6,1725873749,1,反正比底层程序员或者我这种刚毕业的强[黑眼圈_金箍]
BV1gD421u7oT,1505658150,2,226482824512,246037619872,226482824512,3546775122086641,账号已注销,0,1730465511,0,回复 @范马孔圣人 :ai现在什么工作都没取代啊
BV1gD421u7oT,1505658150,2,226482824512,246042189136,226482824512,86215509,范马孔圣人,6,1730468912,0,回复 @尺寸之功率 :低端编程基本都能替代了，稍微修补一下就行了，nc编程现在都只需建模然后就可以自己生成程序刀路了都。
BV1gD421u7oT,1505658150,2,226482824512,246044283552,226482824512,3546775122086641,账号已注销,0,1730470429,0,回复 @范马孔圣人 :我的意思是以现在的ai评判是否取代没意义，现在什么工作取代了？问题是未来的ai能否取代，而视频纯讨论现在的ai，有点搞笑
BV1gD421u7oT,1505658150,2,226482824512,246044462160,226482824512,3546775122086641,账号已注销,0,1730470624,1,回复 @范马孔圣人 :我一直觉得ai可以取代任意一行业除了行政，可能不会完全，比如有人说ai不可以取代医生是因为担责问题，但是可以取代99%，初筛，比如剩下1%医生人工复核从而担责，程序员也可能只有1%用于复核检修
BV1gD421u7oT,1505658150,2,226482824512,246047431792,226482824512,86215509,范马孔圣人,6,1730472730,1,回复 @尺寸之功率 :ai已经在替代一部分了，就是现在。
BV1gD421u7oT,1505658150,2,226482824512,270147717360,226482824512,675071733,赤达i,6,1753521358,0,现在呢？
BV1gD421u7oT,1505658150,2,226482824512,270148627616,226482824512,86215509,范马孔圣人,6,1753521887,0,回复 @赤达i :也替代不了，只能解决一些繁琐的工作
BV1gD421u7oT,1505658150,1,260888122449,260888122449,0,1535266,aana_h2,6,1746178942,5,还能笑出来不？[笑哭]
BV1gD421u7oT,1505658150,2,260888122449,266011899873,260888122449,228369675,Kirusu,6,1751203017,0,唐
BV1gD421u7oT,1505658150,1,229175624288,229175624288,0,390187674,冷静冷静再冷静11,5,1719846587,7,有点像张大仙[doge]
BV1gD421u7oT,1505658150,2,229175624288,229177273952,229175624288,2142578,萝卜今天不写游戏,6,1719847208,2,你不是第一个这么说的，我不理解
BV1gD421u7oT,1505658150,2,229175624288,229177636320,229175624288,390187674,冷静冷静再冷静11,5,1719847308,0,"回复 @萝卜今天不写游戏 :明明可以当个颜值博主，却经常发代码[吃瓜]
有没有dy号我关注一下（觉得你很帅[脱单doge]）"
BV1gD421u7oT,1505658150,2,229175624288,229178498816,229175624288,2142578,萝卜今天不写游戏,6,1719847605,0,回复 @新月Curtis :dy和b同名[星星眼]
BV1gD421u7oT,1505658150,2,229175624288,247185219809,229175624288,1031945793,烛灵儿小姐的臭狗,4,1732003742,1,比张大仙帅，年轻
BV1gD421u7oT,1505658150,1,251689515921,251689515921,0,3546604722194786,银狼Inori,4,1736740514,5,神tm替代不了，后段用ai工具框架，数据层，访问层，模型，都能一步到位。只要不是离谱的业务需要人工确认，其他都能代替人工
BV1gD421u7oT,1505658150,2,251689515921,262463844416,251689515921,40578836,微风1236649,5,1746855691,0,你用ai写个项目试试
BV1gD421u7oT,1505658150,2,251689515921,264789583201,251689515921,330049988,゚亡蝶葬仪,6,1750128037,0,回复 @微风1236649 :ai一直还在升级，每天（）
BV1gD421u7oT,1505658150,2,251689515921,267341521137,251689515921,3546593787644077,葡萄就得带皮儿吃,3,1752309506,0,回复 @微风1236649 :很快就可以了
BV1gD421u7oT,1505658150,2,251689515921,274633920209,251689515921,351143360,CyberJoke,6,1757831452,0,回复 @葡萄就得带皮儿吃 : 真的假的，赶紧码转AI了
BV1gD421u7oT,1505658150,2,251689515921,279808144512,251689515921,488487027,落叶归根133,5,1760937732,0,回复 @゚亡蝶葬仪 :ai取代不了人类是算法的问题，和算力无关
BV1gD421u7oT,1505658150,2,251689515921,282839995440,251689515921,3632309970405448,luther25,2,1763466681,0,回复 @微风1236649 : [笑哭]目前写个简单的小程序确实可以了，这个发展速度你可以大胆的想象一下的，以前我也不信，不过新东西落地，必定会有新的岗位，就看转型了。
BV1gD421u7oT,1505658150,1,226508354672,226508354672,0,2059907066,若水无风,5,1718461442,20,替代不了，但会让普通程序员价值大打折扣，AI可以让人做更多的是，可市场就那么大
BV1gD421u7oT,1505658150,2,226508354672,231663766096,226508354672,113632528,媣时,5,1721056332,0,出租车，外卖员，快递员都在被AI替代，要知道办法总比困难多[吃瓜]
BV1gD421u7oT,1505658150,2,226508354672,249971592753,226508354672,527601155,小叶子2333,5,1734940339,1,回复 @l莫时l :这次下岗是永久性下岗
BV1gD421u7oT,1505658150,1,264789575169,264789575169,0,330049988,゚亡蝶葬仪,6,1750128019,0,还能笑出来不？[笑哭]还在更新哦
BV1gD421u7oT,1505658150,1,262072496209,262072496209,0,33488373,余常恐芳,6,1747478417,0,现在是谁都会编码了，比的就是大局观，思维，曲线完成目的的思想
BV1gD421u7oT,1505658150,1,226386346384,226386346384,0,33094026,烈火灵骑,6,1718412106,11,面向ChatGPT编程[doge]
BV1gD421u7oT,1505658150,1,280300821168,280300821168,0,473013515,-浮光-丶,5,1761363405,0,完全替代肯定不可能，但是可以淘汰一大部分人
BV1gD421u7oT,1505658150,1,259065698353,259065698353,0,329583379,硅胶鉴别师,6,1744172820,0,只要会把代码弄成软件就可以了，代码让AI写和改
BV1gD421u7oT,1505658150,1,252993795104,252993795104,0,354359832,梦七安_,4,1737436114,0,为什么这么像瘦起来的一个玩王者的主播
BV1gD421u7oT,1505658150,1,226228960480,226228960480,0,49690602,云line,6,1718332432,3,已阅，什么时候回来做mc动画？
BV1gD421u7oT,1505658150,2,226228960480,226229250048,226228960480,2142578,萝卜今天不写游戏,6,1718332648,0,"我以前做动画那套技术 早跟不上现在的人了[doge]
游戏还会继续做"
BV1gD421u7oT,1505658150,2,226228960480,233941914736,226228960480,862256,故意气你的嘿嘿,6,1722056735,0,我不知道 但老黄告诉我不要学习编程[doge]
BV1gD421u7oT,1505658150,1,226972072592,226972072592,0,1553398529,我是小飞丨,5,1718714507,2,我觉得哥哥的眼神是不是缺少休息啊，一点儿光都没有
BV1gD421u7oT,1505658150,2,226972072592,226976953632,226972072592,2142578,萝卜今天不写游戏,6,1718716263,0,[生病]
BV1gD421u7oT,1505658150,1,255077959600,255077959600,0,320420004,澄波,6,1739272713,2,现阶段的AI就是弱智，需要用AI的人有足够的知识和强大的判断能力，否则就会被牵着鼻子走，得到一堆误导人的信息
BV1gD421u7oT,1505658150,1,249971581249,249971581249,0,527601155,小叶子2333,5,1734940306,2,底层程序员要大规模死亡了啊
BV1gD421u7oT,1505658150,1,274273854545,274273854545,0,480991681,多吃核桃屮,5,1757501386,0,替代不了程序员，但可以淘汰80%的程序员
BV1gD421u7oT,1505658150,1,246238580688,246238580688,0,248316002,哈哈耶耶哈哈耶耶,4,1730662872,0,google meta 微軟大量開除程序元 了解一下
BV1gD421u7oT,1505658150,2,246238580688,257435791969,246238580688,293813995,mikufan705,6,1742452563,0,人家裁的是云计算运维和销售
BV1gD421u7oT,1505658150,1,226424863696,226424863696,0,1539765853,路过b站人一个,5,1718428742,1,al替代程序员其实有个十分简单又明显的问题就是al都可以写程序了（自我种族进化，难度不亚于人类学会人工编辑人类所有基因），那要人类干什么[doge][doge][doge]
BV1gD421u7oT,1505658150,1,226521531936,226521531936,0,403332552,爱玩游戏的楚学长,6,1718466035,0,ai写不了大体量项目代码，但是小区块还是可以。
BV1gD421u7oT,1505658150,1,243675901953,243675901953,0,3546655966103888,愿天下太平sjj,3,1728067034,1,三白眼
BV1gD421u7oT,1505658150,1,247184096449,247184096449,0,1031945793,烛灵儿小姐的臭狗,4,1732002632,1,ai就是统计学，我感觉是个骗局
BV1gD421u7oT,1505658150,1,247551747376,247551747376,0,1248146914,北筱缇,6,1732026960,0,@日起时
BV1gD421u7oT,1505658150,1,226523471088,226523471088,0,23111094,萌新小勺子,5,1718466725,0,郑伊健
BV1gD421u7oT,1505658150,1,226210366048,226210366048,0,1572278116,gamuTV,5,1718320487,0,[星星眼][星星眼][星星眼]
BV1gD421u7oT,1505658150,1,226205238544,226205238544,0,249000404,Century_647,6,1718310081,0,笨笨好🐮[打call]
BV1gD421u7oT,1505658150,1,226190345504,226190345504,0,400140488,孤门_,6,1718296111,1,已阅[doge]
BV1gD421u7oT,1505658150,1,226241586480,226241586480,0,521208210,绫波只因,6,1718338051,0,已阅
BV1gD421u7oT,1505658150,1,226332363168,226332363168,0,38151439,八云丶凉凉乀,5,1718373669,9,中国互联网行业一个屁一样大的app恨不得把整个银河系的功能全给你塞进去，让这些老板指望AI给他写吧[脱单doge]
BV1gD421u7oT,1505658150,2,226332363168,226349819936,226332363168,2142578,萝卜今天不写游戏,6,1718379628,0,哈哈哈
BV1gD421u7oT,1505658150,1,231663409776,231663409776,0,113632528,媣时,5,1721056247,0,如果我让AI模仿程序员顶尖高手如何应对？AI模仿各个领域顶尖高手阁下又如何应对？
BV1gD421u7oT,1505658150,1,226517021312,226517021312,0,37711492,夜卡-やか,6,1718464446,0,动漫里的上吊眼[doge]
BV1gD421u7oT,1505658150,2,226517021312,226520060800,226517021312,2142578,萝卜今天不写游戏,6,1718465520,0,没办法，哥们天生的
