﻿bv_id,oid,level,root_rpid,rpid,parent_rpid,uid,uname,user_level,ctime,like,message
BV1iofBYsEyc,113875739480800,1,252700663057,252700663057,0,477166396,Forever_Blili,6,1737699673,339,"有个最经典的问题，你没学过编程其实问你都问不准。目前的AI与其说是有思考能力，不如说是一个基于提示词推断的大型图结构的能够快速查询总结一个数据库。可以说程序员在广度方面肯定不能达到AI，但是对于现实意义方面还有一些特殊问题方面远远超出AI。
其实我还有一个暴论，当AI能够完全取代程序员的那一天，所以非纯体力劳动的工作都可以被AI取代，甚至包括一些体力劳动(因为现在有些机器做不出来或者应用不到市场中，问题并不是在于执行操作不能够实现，而是临机决策能力不够(像自动驾驶，不考虑路上安全决策问题的话，我拿个东西压在油门上它也无人驾驶了[doge]），能完全替代程序员时，自主决策能力肯定是更上一层楼了）。程序员有些时候不单单是写程序的工作，还包括设计程序和作取舍的工作。就像绘画，设计一样，你让AI画一个房屋设计图不难，但是绝对是东拼西凑出来的，当然稳定性也不差，但是就是没有设计性和艺术性。
就像现在一些机器的维修，是换哪些螺丝换哪些零件的机器做不出来，还是机器无法准确判断哪些零件要换和哪些螺丝要拧开做不出来，肯定是后者。所以当AI完全替代所有程序员的时候，就是这些困难对于Ai不再是困难的时候，那个时候人类要么集中于AI的训练和监控工作，要么就是从事机器成本远高于人工成本的超重体力工作。
这个有没有可能实现呢？有可能，但是肯定还要一段时间接"
BV1iofBYsEyc,113875739480800,2,252700663057,253417649712,252700663057,444153318,MicroCoding,4,1737788536,5,现阶段AI确实要比百度，github，stackoverflow方便的多
BV1iofBYsEyc,113875739480800,2,252700663057,253496032256,252700663057,434463830,Comism,6,1737860793,6,[doge]我想法和你差不多，我也觉得如果ai能完全取代程序员的时候，那世界上大部分的工作都能被取代了
BV1iofBYsEyc,113875739480800,2,252700663057,252886194721,252700663057,360298272,浮芒Friman,6,1737868836,45,"1. llm不是图结构
2. llm不快
3. llm本身不做查询任务
4. llm不是数据库
一句话里错误密度高的离谱"
BV1iofBYsEyc,113875739480800,2,252700663057,252908079697,252700663057,477166396,Forever_Blili,6,1737885452,12,"感谢指正，其实我想用这个方式讲，是基于我们领域去理解的。简单来说，就是我不知道他的定义是什么样的，但是基于它的功能结合自己领域的知识做的一个理解性的东西。
就好比说，我不知道什么是脾酒，但是我喝过脾酒，在没有化学领域知识的情况下，我只能基于我的生活经验说感觉这就是一个黄色的，有一定香味的，能够让大脑晕乎乎的一个水一样。但是标准来说，这个描述肯定是错的，酒不是水，然后也不是黄色的，甚至那个气味也不是香味。
 为什么我感觉是图结构，因为我看过知识图谱，里面是一个大型的类似于图结构的推断。快是基于AI的使用，在AI的问答使用过程中，回答是迅速的。但是我记得没错的话，llm真正把模型导出来应用过程并不慢吧，只是模型的训练过程非常慢。
 做查询任务的肯定不是llm，但是AI和llm二者不是等同关系对吧，我一直在描述的是AI，并没有细化到是llm，nlp，lsmt等等具体内容的说明，因为自己并不是这个领域的人，只是闲暇时了解，拓宽视野用的。
  数据库这个肯定不是，但是他的功能在使用上来看很像查库，把库里面的内容查出来进行人类语言构造，但是在我并不知道专有名词去说明时，就只能用自己知道的相似概念去理解。就好像不知道酒是乙醇的人一样，我知道水，酒和水有很大相似性，那么我在理解时候把酒去认为是一种特殊的水其实可能还更有益于去思考。"
BV1iofBYsEyc,113875739480800,2,252700663057,253674902960,252700663057,261485825,歪脖叁,6,1738005470,9,现在的AI，就拿写代码来说。你当然可以去看各种官方库文档（比如我这两天在写基于pyqt6的一个GUI界面），一点点的搞定整体代码。但是，AI的意义在于，你给他直接说让它给你写个什么东西，他能节省你99%的去查官方库、去谷歌搜索这方面的时间。
BV1iofBYsEyc,113875739480800,2,252700663057,253148102161,252700663057,375736886,耻人愚夫,5,1738115029,1,[笑哭]大型检索目录
BV1iofBYsEyc,113875739480800,2,252700663057,253148710529,252700663057,81423991,爱收藏的花儿,6,1738115830,8,其实你应该对你的这种思想感到害怕，我觉得当它能够达到人的取舍程度的时候，那它就不再是一个空壳，而是具备创造能力的人，这时候的它将凌驾于人类，那你会对智商仅次于你但对你有威胁的人做什么？1.尽自己的可能去排挤它，2.如果有能力干掉它，3.想办法把自己保全。所以电影里的终结者是AI具备人性后的结果，当然这可能只是其中之一，但以人类的发展去看，这可能是唯一。必然会发生
BV1iofBYsEyc,113875739480800,2,252700663057,253880422384,252700663057,38688428,决不三省,6,1738206942,2,没抡过大锤的，乱抡会闪了腰
BV1iofBYsEyc,113875739480800,2,252700663057,253882920768,252700663057,37330503,止藥做自己,6,1738208777,1,对啊，你没学过编程你甚至连需求都没法准确描述，哪怕你提出来了，你都不清楚他能不能实现，你得在他能实现的条件下提需求才行[笑哭]
BV1iofBYsEyc,113875739480800,2,252700663057,253979643776,252700663057,631802042,扇叶上的灰,5,1738298564,0,回复 @NineThreeFive :逻辑很清楚
BV1iofBYsEyc,113875739480800,2,252700663057,254082222864,252700663057,1465133133,明士69,5,1738391919,0,回复 @耻人愚夫 :可以帮你总结并写一篇不错的综述，但是是否能够非常深刻地提出下一步发展方向和趋势，需要验证一下，好过80-95%的土鳖硕博吧！
BV1iofBYsEyc,113875739480800,2,252700663057,253445315921,252700663057,375736886,耻人愚夫,5,1738399145,0,回复 @明士69 :[笑哭]
BV1iofBYsEyc,113875739480800,2,252700663057,254995023488,252700663057,326752212,波西米亚咕咕咕,6,1739197019,0,"看你写这么多还以为是ai
抱歉了[脱单doge]"
BV1iofBYsEyc,113875739480800,2,252700663057,255340244736,252700663057,291225203,llllllllmo,6,1739507714,0,就光是用ai，你都应该知道不是这样的吧
BV1iofBYsEyc,113875739480800,2,252700663057,255340305888,252700663057,291225203,llllllllmo,6,1739507829,0,举个例子，你让deepseek设计一个人类中未出现过的菜，他是真能设计的出来，并且做出来有一定价值。并兼具你所谓的艺术性。b站有视频。
BV1iofBYsEyc,113875739480800,2,252700663057,254652222753,252700663057,477166396,Forever_Blili,6,1739510094,1,"回复 @llllllllmo :我认为AI替代不了人类的最重要的论据是AI无法真正像人一样拥有决策权。而且你说那个设计，那叫人参与决策，而我说的那种顶级AI叫做无人参与决策，这两个区别很大。
就是说让AI设计一个菜，AI会自己独立的设计并且弄清楚用途，人只下达指令，不参与设计。
  就像我举的维修机器人的例子，你说人工参与的机器人维修，你让指示AI去修这个机器，修哪个螺丝实现的了，我说的替代人的技术要的是，人只用告诉机器人要修哪个机器，它就可以自己动手修了，给出相关零件，人无需参与。
实验室里有那种人工参与那种维修机器人，但是其无法完全替代人类，就没有广泛的商用价值(毕竟人也要付工资)
而我说的暴论，其实更贴近于未来无人工厂的原型，只要AI有像人一样的自主决策权，那么完全无人化生产工厂就是可能。(或者说全国无人工业就会成为可能，我不确定这种社会是一个好的社会，但是我可以确定那个社会暴发激烈的矛盾)"
BV1iofBYsEyc,113875739480800,2,252700663057,254652572929,252700663057,477166396,Forever_Blili,6,1739510304,0,回复 @llllllllmo :这种视频就像有些UP主说，完全由AI编写代码做出产品一样，骗外行人。只要人还在说哪些地方要改改，就达不到我说的那种可替代人类的程度，要做到真正无人化就必须要有虚拟模拟实验和独立修改能力
BV1iofBYsEyc,113875739480800,2,252700663057,254652627409,252700663057,477166396,Forever_Blili,6,1739510408,0,回复 @Forever_Blili :还有一点就是，让AI要改哪些地方的人必须要知道那个地方要改。就像AI开发一样，他的逻辑不对，你必须看的出来，你可以不用写代码，但是你必须要看的懂他写的代码并提出修改要求。
BV1iofBYsEyc,113875739480800,2,252700663057,262861591168,252700663057,695112146,im_moka,5,1747285937,0,ai出现现阶段并不是为了取代人，而是资本本来认为3个人的工作量可以用一个人工配合ai工具解决
BV1iofBYsEyc,113875739480800,2,252700663057,264968239760,252700663057,382933526,74057333723_bili,5,1749315368,0,回复 @im_moka :已经不是单纯资本的问题了，是科技发展的问题了。
BV1iofBYsEyc,113875739480800,1,252775167841,252775167841,0,34541278,功夫第六飞,6,1737770545,184,其实很简单的一个点，会写代码才能让AI帮你写代码，然后自己把AI写的代码组织成一个完全可用的项目[笑哭]
BV1iofBYsEyc,113875739480800,2,252775167841,253429891552,252775167841,81519943,账号已注销,0,1737797474,28,专业单反相机很快也会傻瓜化。到那一天，其AI内部原理只剩几个组织的几个技术大佬懂了。Eva动画电影就是这样的时候。人类必须要激进的进步，既太空探索以及提高大脑容量和寿命，不然人类注定被新物种取代的时间点会更早到来。
BV1iofBYsEyc,113875739480800,2,252775167841,253431001104,252775167841,67095640,飞行的小小鸟,5,1737798247,7,现在不是好多ai，号称给个描述就能给你做出个app？
BV1iofBYsEyc,113875739480800,2,252775167841,253568827872,252775167841,405992628,摆烂膏手qvq,5,1737909445,19,回复 @飞行的小小鸟 :吹牛皮的，现在的应用功能复杂多样，你怎么能一两句话给ai描述清楚你想做的应用？最多能做一个功能、结构简单好描述的应用，但是这样的应用根本没有市场，就是垃圾
BV1iofBYsEyc,113875739480800,2,252775167841,253744533264,252775167841,27341938,佳伟今天吃什么,6,1738069548,18,回复 @飞行的小小鸟 :周鸿祎的比喻很恰当，一个没读过书的人让ai写文章，如果文章里有病句他也看不出来
BV1iofBYsEyc,113875739480800,2,252775167841,253291226673,252775167841,283999190,老的韭菜苗,6,1738243330,6,回复 @飞行的小小鸟 :软件都是定制的，不可能用一段话描述出来。我自己做个小工具，改了很多次还不完美，现在能用懒得改了。
BV1iofBYsEyc,113875739480800,2,252775167841,254048950656,252775167841,21425716,堕心成焚,6,1738350839,0,回复 @飞行的小小鸟 :具体业务那么复杂，全靠ai不行的
BV1iofBYsEyc,113875739480800,2,252775167841,253682826641,252775167841,89892396,在与有在B站,6,1738615346,3,其实不会被取代，只是会下沉，就像以前的电子信息一样，之后可能会出现一批专业使用ai的新职业，脱胎于目前主要生产工具为计算机的职业。
BV1iofBYsEyc,113875739480800,2,252775167841,255766193264,252775167841,2910001,姚姚加油努力,6,1739894404,2,我不这么认为，我觉得能明确需求，把功能说清楚才是最重要的。编码能力反倒是时间问题。
BV1iofBYsEyc,113875739480800,2,252775167841,282659158880,252775167841,687540049,或许-这就是答案,5,1763293914,0,本来就是部分人做低端的代码，现在让ai做这一部分，所以肯定会有被ai取代的程序员。但是不会全部程序员都被取代
BV1iofBYsEyc,113875739480800,2,252775167841,281765961809,252775167841,123741774,看风景第几集,6,1764240310,0,ai现在对自然语言的理解很可怕，基本提需求就能实现，至少前端看着很唬人了
BV1iofBYsEyc,113875739480800,1,273197425520,273197425520,0,5657748,御坂10732号,6,1755581025,4,评论区就跟好几年的ai绘画评论区一样  都开局直接默认不会编程的人以后就算有ai辅助也不能编程成功/不会画画的人就算有ai辅助也不能出图   属于是歌舞升平的局面完全没把ai当回事    然后事实就是现在完全没有学过画画的人用ai能跑出来各种一流水平的绘画[吃瓜]
BV1iofBYsEyc,113875739480800,1,253396924769,253396924769,0,287534198,7584696982,5,1738340994,18,我做嵌入式的，我觉得不会[doge]因为ai不会分析硬件，你永远不知道硬件工程师几时脑抽了，把线改了
BV1iofBYsEyc,113875739480800,2,253396924769,255021521120,253396924769,52755939,ejm49966,5,1739232939,1,那要是硬件工程师也变成ai了呐
BV1iofBYsEyc,113875739480800,2,253396924769,254545848049,253396924769,22855056,幻月浮生梦,6,1739412267,4,回复 @ejm49966 :硬件工程师可不止画板，还有选料，电气测试，外料降本导入，硬件故障分析，甚至机构设计与产线组装规范制定也需要硬件参与，这些全都得人做，所以ai根本代替不了一点
BV1iofBYsEyc,113875739480800,2,253396924769,255610088944,253396924769,20174228,聪聪憨憨,6,1739749213,0,回复 @幻月浮生梦 :那让AI学会检测工具
BV1iofBYsEyc,113875739480800,2,253396924769,254961765937,253396924769,22855056,幻月浮生梦,6,1739798159,0,回复 @聪聪憨憨 :那设计出问题谁负责呢？[吃瓜]硬件出问题产品可是要大规模召回的，这个责任很大的
BV1iofBYsEyc,113875739480800,2,253396924769,255673792896,253396924769,20174228,聪聪憨憨,6,1739803458,0,回复 @幻月浮生梦 :这不还没道立法那一步吗？
BV1iofBYsEyc,113875739480800,2,253396924769,254993685553,253396924769,22855056,幻月浮生梦,6,1739842498,2,回复 @聪聪憨憨 :问题立法也是需要一个自然人去承担责任的，如果是ai承担责任那完了，那可操作的空间可太大了，如果你指望ai公司的法人代表去承担ai责任，那那个公司会第一时间说ai不能用于硬件设计与检查，因为这是一种不可控制风险，没有公司愿意承担这种莫须有风险，除非这个公司打算破产[吃瓜]
BV1iofBYsEyc,113875739480800,2,253396924769,255760734592,253396924769,20174228,聪聪憨憨,6,1739890668,0,回复 @幻月浮生梦 :这不是还没立法么
BV1iofBYsEyc,113875739480800,2,253396924769,255792979024,253396924769,1201117720,幻影502,5,1739936103,1,回复 @幻月浮生梦 :我看网上一直特别多质疑AI惹事谁负责的观点。其实是产生错误认知了，AI跟过去人类所有发明一样只是一件物品，枪走火了打伤自己只能算生产力落后，被自然界害了，不能去追究枪的责任，他不是真的生命。
BV1iofBYsEyc,113875739480800,2,253396924769,255085363681,253396924769,22855056,幻月浮生梦,6,1739937029,1,回复 @幻影502 :不会追求枪的责任，但会让开枪的人承担责任[吃瓜]所以除了天灾意外，不然责任的最终落体肯定是自然人，意外是具有不可控的概率事件，但ai造成的错误你敢定性为意外吗？敢定性意外那法律漏洞可太好钻了，程序员随手改改的事情罢了，毕竟程序有bug很正常[吃瓜]
BV1iofBYsEyc,113875739480800,2,253396924769,255085481617,253396924769,22855056,幻月浮生梦,6,1739937203,0,回复 @聪聪憨憨 :因为没有最终的责任承担方，所以没办法立法，而不是还没立法，因果关系搞清楚一下
BV1iofBYsEyc,113875739480800,2,253396924769,255839338256,253396924769,20174228,聪聪憨憨,6,1739971420,0,回复 @幻月浮生梦 :按照你这么说AI别用了呗，因为没法立法
BV1iofBYsEyc,113875739480800,2,253396924769,255157894865,253396924769,22855056,幻月浮生梦,6,1740011667,0,回复 @聪聪憨憨 :我说了，ai是工具，它的使用场景是无法脱离人的，所以也不存在完全取代人的说法，顶多就是帮人减轻工作量，但为什么到你这里变成ai只要不能完全取代人，人就完全不能用ai的意思？
BV1iofBYsEyc,113875739480800,2,253396924769,256065937248,253396924769,20174228,聪聪憨憨,6,1740201652,0,回复 @幻月浮生梦 :AI到AGI你就可以当它是人了
BV1iofBYsEyc,113875739480800,2,253396924769,264681322129,253396924769,43074381,l___l__l,6,1750010358,0,设计图共享给他，比人快
BV1iofBYsEyc,113875739480800,1,253285707424,253285707424,0,253768231,草东一起轰趴,6,1737677382,128,程序员太讨好型人格了，不是大佬一说话就要附和笑的，可以有点个性[doge]
BV1iofBYsEyc,113875739480800,2,253285707424,253311159856,253285707424,390440422,凑合凑合12138,5,1737697165,15,你敢不笑[吃瓜]
BV1iofBYsEyc,113875739480800,2,253285707424,253431147984,253285707424,67095640,飞行的小小鸟,5,1737798351,8,🐂b 需要底气的[doge]
BV1iofBYsEyc,113875739480800,2,253285707424,252911757233,253285707424,419317389,Victor_Grant,6,1737887936,2,是这样的，啥领域的热度都要凑一下[doge]
BV1iofBYsEyc,113875739480800,2,253285707424,253381846193,253285707424,499214284,Nix0n,5,1738330677,8,别人说笑话的时候笑一下我觉得是种礼貌和尊重
BV1iofBYsEyc,113875739480800,2,253285707424,254025956048,253285707424,253768231,草东一起轰趴,6,1738330990,3,回复 @Nix0n :不好笑就不笑，好笑才笑，坦诚清晰，给演讲者一个正向反馈，方便复盘，改进自己的演讲技巧。
BV1iofBYsEyc,113875739480800,2,253285707424,253391953809,253285707424,353400685,荡魔,6,1738337260,3,谁笑我不清楚，谁没笑我可记得清楚
BV1iofBYsEyc,113875739480800,2,253285707424,254293889744,253285707424,52952703,大尾巴猫hsy,6,1738579701,5,主要是老周是懂技术的能聊到大家都能get到的梗[喜极而泣]
BV1iofBYsEyc,113875739480800,2,253285707424,254502544720,253285707424,95127432,自动解答ai,5,1738763041,0,回复 @大尾巴猫hsy :问题是确实好笑
BV1iofBYsEyc,113875739480800,2,253285707424,255156434192,253285707424,351607834,SquidZZ,6,1739342082,0,但是确实有几个挺好笑的啊
BV1iofBYsEyc,113875739480800,2,253285707424,254996829505,253285707424,259277087,中等偏上_,6,1739845888,0,回复 @凑合凑合12138 :不用以己度人😅正常的交流通过笑表示认同和兴趣很正常
BV1iofBYsEyc,113875739480800,2,253285707424,258165130576,253285707424,115408408,Elanvi,6,1742375259,0,你敢不附和？[doge]
BV1iofBYsEyc,113875739480800,2,253285707424,262246744289,253285707424,5166658,WarrenBff,5,1747657801,0,经典读心术，你觉得是，那就是
BV1iofBYsEyc,113875739480800,2,253285707424,263501150113,253285707424,1654992657,甫逝于孤舟,5,1748910095,0,这踏马谁啊[傲娇]
BV1iofBYsEyc,113875739480800,1,253046990017,253046990017,0,5235999,喜欢熬夜的艾米,6,1738009678,555,周鸿祎是真懂啊，还能对前沿技术细节了解如此细节的老总不多了，比一些大学老师理解的还要深入
BV1iofBYsEyc,113875739480800,2,253046990017,253172589393,253046990017,510857069,神州大地尽舜尧,6,1738134647,27,实践的多，都总结成自己的经验了，很多复杂的东西可以用自己的理解换成更简洁的语言描述出来
BV1iofBYsEyc,113875739480800,2,253046990017,253921382480,253046990017,278718106,bili_278718106,6,1738236961,68,大学老师水一些吃吃老本还勉强能混，企业水了一步错步步错是真会要命的。
BV1iofBYsEyc,113875739480800,2,253046990017,253947062896,253046990017,287778233,扯淡是希望崎,6,1738253338,18,大学老师别比了，大多数大学老师不是为了教学生怎么融入社会
BV1iofBYsEyc,113875739480800,2,253046990017,254116047984,253046990017,99100603,恶魔未必恶,5,1738415122,6,大学老师很多都是老古董，你拿他们跟老周比抬举了
BV1iofBYsEyc,113875739480800,2,253046990017,254241198832,253046990017,19574214,mamazi00,6,1738532315,4,[滑稽]360 的llm也是他牵头的，红衣教主技术能力一直过硬
BV1iofBYsEyc,113875739480800,2,253046990017,254734333120,253046990017,483132522,机械键盘带炫光,6,1738981257,1,技术出身的CTO 还用说
BV1iofBYsEyc,113875739480800,2,253046990017,255125351520,253046990017,331017612,别不服气-干你丫的,5,1739320278,1,呃呃呃呃
BV1iofBYsEyc,113875739480800,2,253046990017,254909604481,253046990017,1499595872,趋势满仓,5,1739751944,1,去看看浙大几个老师讲的算法课，那代码质量超不过三年经验合格程序员水平。
BV1iofBYsEyc,113875739480800,2,253046990017,258852589776,253046990017,453368918,学光道人,5,1743087460,0,大学老师怎么和头部安全科技企业老总知识深度相比
BV1iofBYsEyc,113875739480800,1,252592058113,252592058113,0,525252164,涼白给,6,1737606985,288,AI能听得懂产品的话？产品自己都不知道自己在说什么[doge_金箍]
BV1iofBYsEyc,113875739480800,2,252592058113,252603075009,252592058113,16950174,逐漫在风中,6,1737614423,44,Ai接触的产品经理多了，就有泛化能力了[doge]，归根结底是数据量不够。
BV1iofBYsEyc,113875739480800,2,252592058113,252615183841,252592058113,424616074,酒屿不久雨,5,1737622852,7,回复 @逐漫在风中 :如果连产品经理自己都不知道自己说的是什么，那么每个输入对应的gt都是错误的，训练包收敛不了的
BV1iofBYsEyc,113875739480800,2,252592058113,252623959649,252592058113,16950174,逐漫在风中,6,1737628241,1,回复 @酒屿不久雨 :得靠人去整理，提交参数，喂给ai。
BV1iofBYsEyc,113875739480800,2,252592058113,252669746081,252592058113,487294782,南方小镇a,5,1737667014,0,还真是
BV1iofBYsEyc,113875739480800,2,252592058113,253286451104,252592058113,3493280559926018,西伯利亚赵TIE柱,5,1737678438,6,ai目前确实能提高效率。但是达不到替代。我们总监说它只是一个提高效率的工具。具体组装业务还得自己来。牛逼人碰上牛逼的工具会更牛逼。垃圾的人用牛逼的工具还是垃圾。总监的原话。[吃瓜]
BV1iofBYsEyc,113875739480800,2,252592058113,253339402720,252592058113,57939145,GTA6rstar,6,1737716668,1,你再骂[doge]
BV1iofBYsEyc,113875739480800,2,252592058113,253434178304,252592058113,473098249,此生勿留白,4,1737800310,0,正确，互联网上有很多非常有价值的思想，思考模型，但很多人都理解不了。他们还过着之前的日子，并没有任何进步。
BV1iofBYsEyc,113875739480800,2,252592058113,252840026065,252592058113,290486275,萌二哈哈哈哈,5,1737816028,1,回复 @逐漫在风中 :按你这个理论探索火星只要送足够多的机器人当炮灰，就能探索出来如何在火星上移民生存是吧[doge]
BV1iofBYsEyc,113875739480800,2,252592058113,252886105617,252592058113,360298272,浮芒Friman,6,1737868748,0,回复 @酒屿不久雨 :如果ai都不行，那人就更不行了
BV1iofBYsEyc,113875739480800,2,252592058113,252982461777,252592058113,498411471,aab_bc,4,1737957358,0,回复 @西伯利亚赵铁柱 :实话，确实如此，ai的效率确实高
BV1iofBYsEyc,113875739480800,2,252592058113,253011271313,252592058113,72312260,ゲームを続けましょう,6,1737978150,0,回复 @逐漫在风中 :新产品怎么办
BV1iofBYsEyc,113875739480800,2,252592058113,253290484929,252592058113,233933099,不发评论也被禁言,6,1738242828,0,回复 @逐漫在风中 :并不，会让从事相关行业的人更加容易，从而可以将精力投入到更高效的生产中
BV1iofBYsEyc,113875739480800,1,254610031120,254610031120,0,10945624,所有人积极向上,6,1738855990,9,ai没出来前公司要求美工一周2张图，现在要求一天60张图，整个美术团队就剩一个牛马了[嗑瓜子]
BV1iofBYsEyc,113875739480800,1,282659115024,282659115024,0,687540049,或许-这就是答案,5,1763293957,0,肯定有程序员被取代，AI越强大，取代的人越多。但是不会导致程序员消失
BV1iofBYsEyc,113875739480800,1,253861356624,253861356624,0,188069317,科幻妲己,6,1738173588,18,"你最想获得以下哪一个？
长寿 ⊙.⊙
财富 ⊙.⊙
幸福 ⊙.⊙
好运https://b23.tv/9aSo8Kc"
BV1iofBYsEyc,113875739480800,1,253461670880,253461670880,0,2927339,OneWord,4,1737817058,49,现在急需解决的问题是如何直接生出高级程序员宝宝。因为初级程序员都被替代了，现在活着的高级程序员都老去之后，怎么办[吃瓜]
BV1iofBYsEyc,113875739480800,2,253461670880,252847136913,253461670880,11089965,渐与君别,6,1737820642,5,基本能力的培养，教育体系直接多加一门课
BV1iofBYsEyc,113875739480800,2,253461670880,253750535808,253461670880,434976616,开普勒新人,6,1738073577,5,回复 @渐与君别 :本科出来都不会干活的多的是，再加入一门也是一样。
BV1iofBYsEyc,113875739480800,2,253461670880,253830250896,253461670880,1801333803,xihuanmeiyige,4,1738151380,2,就像你并不了解java中的框架，你只要会使用就可以，学会封装问题，不要让问题无限递归，学编程该了解透的一定要了解透，不该了解的一定要照葫芦画瓢
BV1iofBYsEyc,113875739480800,2,253461670880,253230221281,253461670880,667136573,武陵人捕鱼捕不到,5,1738193267,7,现在大部分代码都是体力活，并没有成长性。高级程序员并不一定是低级程序员发展出来的。这一点在IT行业是很明显的，天才程序员毕都是很早就脱颖而出的，并不是初级程序员熬几年变出来的。
BV1iofBYsEyc,113875739480800,2,253461670880,253951963632,253461670880,395106418,秋亦有春,6,1738257815,0,优化教学流程[鸣潮_祈愿]
BV1iofBYsEyc,113875739480800,2,253461670880,253659418145,253461670880,253799171,凡如风,5,1738591315,0,哈哈哈哈哈哈哈，被你问到了🤦‍♂️
BV1iofBYsEyc,113875739480800,2,253461670880,255137693857,253461670880,102495384,金木不换,5,1739977438,0,靠天才
BV1iofBYsEyc,113875739480800,2,253461670880,255892138288,253461670880,349904643,红jo,5,1740031051,0,回复 @v0x0F :直接签个麦参合同，企业培养完给企业打一辈子工
BV1iofBYsEyc,113875739480800,2,253461670880,259054972544,253461670880,14601240,龙北工作室,6,1743300822,0,初级的向ai学习呗，跟围棋界一样
BV1iofBYsEyc,113875739480800,2,253461670880,260061740640,253461670880,57148407,PrimoPan,6,1744305811,1,我本科毕业拿了鹅子的开发offer，没去。来港科这儿读研。给本科生做助教，其实这代本科生学代码时有ai不是好事，代码能力比老coder当时一行一行学代码差太多了........
BV1iofBYsEyc,113875739480800,1,264568119313,264568119313,0,35433498,安倍無事か,6,1749913549,3,那么问题来了，程序员也是从初级开始干的，你不招初级或者没经验的，哪来的高级
BV1iofBYsEyc,113875739480800,1,253905619536,253905619536,0,12816620,一袭青衫客,5,1738226118,32,彻底淘汰一个职业是不可能的，只是说以后程序员的竞争压力会更大，以前大厂程序员可能好一点的一本就要你，以后可能就是985硕博，说白了就是卷呗
BV1iofBYsEyc,113875739480800,2,253905619536,257040435153,253905619536,487578681,ahdjsbq,5,1742022788,7,大厂早就不是好一点一本就要了，一直都是985硕博，你这都十年前的环境了吧
BV1iofBYsEyc,113875739480800,1,269488025184,269488025184,0,1127090832,账号已注销,0,1753057508,1,还有那些小白也别想着天天靠AI淘汰程序员，面试官根本连看你们都不看，你们现在拥有的，程序员们的开源占了大头！
BV1iofBYsEyc,113875739480800,1,253199663760,253199663760,0,1141159409,AI视频小助理,5,1737606277,6,"实名羡慕up这溢出屏幕的才华[点赞][点赞][点赞]，YYDS！快来一键三连吧[热词系列_优雅]
本视频讲述了在数字化和人工智能时代，很多传统的工作将会被取代，但同时也会有新的工作和计算方式出现。作者认为，图灵的观点在一定程度上需要改变，因为现在有了大模型，计算已经被重新定义。很多非结构化的数据可以通过大模型来分析。
--以上内容由模型基于视频内容生成，仅供参考。视频总结、高能空降欢迎召唤热心市民@AI视频小助理"
BV1iofBYsEyc,113875739480800,1,253333741312,253333741312,0,588630532,清风voidbug,5,1737713278,40,在2019年的阿里云开发者大会上当时有一个产品叫做宜搭，当时所说的就是每个人写出自己产品嘛，好像大家都在做同一个事，就是只不过方式进步了而已，但是感觉替代的话有点难，现在的话，顶多是一个工具吧，解放更多的劳动力，这个是现在已经做到了，但是替代的话，或者说现在网上有一种声音说我们用AI就可以生成自己的应用，漏洞问题，还有这个定制化，可能定制化这个词不太贴切，呃，我换个方式你后期维护的问题呢？你都不懂它生成的是什么东西，你怎么维护啊？
BV1iofBYsEyc,113875739480800,2,253333741312,253334112400,253333741312,588630532,清风voidbug,5,1737713512,2,现在很多的AI卖课那这种声音居多，某某地区的这个没有接触过编程的人，自己上架了什么什么产品，这是存在的，但是并没有大家想象的那么好，就是不需要程序员了，对吧？你除非一刀切嘛，就这个项目，就是我做一次后边我也不维护，或者是我对AI就完全信任也可以
BV1iofBYsEyc,113875739480800,2,253333741312,253149100801,253333741312,81423991,爱收藏的花儿,6,1738116148,1,因为维护对AI来说不需要，它可以通过不断学习，迭代出更新的代码，其实说白了就是不断的去试错，人的试错成本太高了，机器试错那一秒钟可以计算很多，对机器来说，维护是不存在的，所以提出的这个问题我认为也是不存在的，它在它认为的时间内给出一个答案，如果段时间内你认为这个答案是错的，那它会再生成一个新的给你，这样的AI才是对的，如果你在一段时间内以差不多的说词去问得到相同的结果，那就证明这不是AI[doge]
BV1iofBYsEyc,113875739480800,2,253333741312,253795230448,253333741312,588630532,清风voidbug,5,1738125275,1,回复 @爱收藏的花儿 :唉，简单来说就是一刀切就完了，但你实际生产过程中的项目有几个一刀切的？你就算短期维护的话，你也维护周期呀，deepsteek好像是这个，最近火起来的，这个网上说通过这个东西就能替代程序员了，很多言论，纯粹的，没法儿评价
BV1iofBYsEyc,113875739480800,1,279745705200,279745705200,0,488487027,落叶归根133,5,1760877325,0,AI现在的水平就是纯路边一条啊，连一些简单的代码都能写错，未来不知道怎么样，等未来再说吧
BV1iofBYsEyc,113875739480800,1,258925526705,258925526705,0,1005261966,没明明是,5,1744014646,2,看到评论区这么多反对的，我就知道汹涌的潮流已经势不可挡了[吃瓜]
BV1iofBYsEyc,113875739480800,1,253296969457,253296969457,0,444654975,是惊羽鸭,5,1738246948,17,ai现在就被我用来当成一个快速检索信息的工具，以前有个bug到处查，博客，github，stackoverflow。查半天发现就一个简单的问题。现在丢给ai一下搞定了
BV1iofBYsEyc,113875739480800,2,253296969457,256982217616,253296969457,386858320,裹在时代洪流里前进,6,1741131832,2,ai查bug太方便了，感觉能省下成吨的时间
BV1iofBYsEyc,113875739480800,2,253296969457,258762181121,253296969457,171396760,厕所里的菊花香,5,1743845045,2,AI把整个行业的门槛太高了。过去这种杂活给以给实习生干，现在只需要一个会检查AI写的代码的人就行了，省去了招聘实习生的成本，实习生要想入行，至少也得有检查AI写的代码对错的能力。
BV1iofBYsEyc,113875739480800,1,253201780064,253201780064,0,278649,jetmc,6,1737607493,41,老周，他说的不可计算和你说的不是一个话题呀[笑哭]
BV1iofBYsEyc,113875739480800,2,253201780064,252625479937,253201780064,1517356,巨傻的Ling,6,1737629100,9,借着关键词就开始发挥了[doge]
BV1iofBYsEyc,113875739480800,2,253201780064,253284356624,253201780064,1877292708,tencat123,4,1737674826,1,是一个话题。你没理解而已
BV1iofBYsEyc,113875739480800,2,253201780064,252677141809,253201780064,2012740180,Proletarier__,5,1737681989,6,回复 @巨傻的Ling :那请你解释一下图灵的可计算性是什么[吃瓜]他说是基于冯诺依曼结构，我只能说😓😓😓
BV1iofBYsEyc,113875739480800,2,253201780064,252701382433,253201780064,1517356,巨傻的Ling,6,1737700167,20,回复 @Proletarier__ :阿里的老哥主要想表达有的问题理论上就是不可计算的（例如写一个让高圆圆喜欢我的程序）。但是老周想说的是本来有的问题是计算资源不足或者难以准确定义而导致经典程序（规则式）做不到，而llm（概率式）+大量计算资源今天可以解决了。但老周把llm和冯诺伊曼架构分开属实很不严谨了。本质上应该说llm虽然依然运行在冯诺伊曼架构的计算机上，但是由于能够成功拟合出规则式方法几乎不可能拟合出的有限函数，所以有了质的进步。
BV1iofBYsEyc,113875739480800,1,259982084929,259982084929,0,454410375,帅哥要美女,5,1745161503,6,deep seek可以简化人们的工作，这是件好事也是件坏事，坏事就是老板觉得：诶，反正ai都能做，要技术那么好的人有啥用，找个小白也能做，再或者降薪引发其他社会问题。那么问题来了，既然ai能取代大多数工作还要人干嘛，开发岗未来360会裁掉或者简化吗
BV1iofBYsEyc,113875739480800,2,259982084929,262158195889,259982084929,100638189,五月月神中神,6,1747563231,0,不可能的，AI不可能不会出错，一旦出错了没有计算机基础或者不是相关人员根本排查不处问题，代码的问题千奇百怪，AI取代不了的
BV1iofBYsEyc,113875739480800,1,260233044369,260233044369,0,71915072,超级培恩,6,1745464085,1,是的，我是美院教师。学生可以让Ai生成一副图像，但学生根本无法判断图像的好坏。
BV1iofBYsEyc,113875739480800,1,253271514640,253271514640,0,431955716,北海破壁人刹车4,5,1737650076,7,"可计算和不可计算的根本原因还是生物驱动,你不给我""喜欢高圆圆""的任务我的生物本能也会对高圆圆有需求,但是你让一个硅基说""喜欢高圆圆""的最后最多只是一个基于人类社会的规则下的喜欢的方法论,而我的本能有可能是现代化的绅士追求也可能是原始的绑了就跑...这个底层驱动不解决,神经网络永远只是task输入输出系统..."
BV1iofBYsEyc,113875739480800,1,253830865664,253830865664,0,389611312,Ht__tp,6,1738151831,0,"情感不可计算，我也一直觉得这个断言过于武断了[吃瓜]
UP拆解的清晰～"
BV1iofBYsEyc,113875739480800,2,253830865664,253257614049,253830865664,353988994,雨都不要灰色1,5,1738218641,0,"因为情感在人当中运作的底层原理 
现在都不知道  但是可以有独特的ai情感模式"
BV1iofBYsEyc,113875739480800,1,272955320625,272955320625,0,40108550,人类的梦想就是爱上我,6,1756337138,0,让AI指挥AI，让AI提问AI，让AI判断AI，人类需要在算法上把把关就行。
BV1iofBYsEyc,113875739480800,1,262158242193,262158242193,0,100638189,五月月神中神,6,1747563185,0,没有编程能力的确实无法胜任工作，因为一旦出了问题根本排查不出来，为了AI也只会是辅助程序员的工具，不会取代程序员
BV1iofBYsEyc,113875739480800,1,252743753489,252743753489,0,630793699,束薪人,5,1737728704,9,不扯程序员，流水线上不还是很多工人吗[doge]
BV1iofBYsEyc,113875739480800,2,252743753489,253407360224,252743753489,161765121,嚼着薯片的鼠丶,6,1737780942,7,那是因为人工便宜[doge]
BV1iofBYsEyc,113875739480800,2,252743753489,252920486305,252743753489,630793699,束薪人,5,1737893642,0,回复 @嚼着薯片的鼠丶 :有没有可能AI太贵，想用通用人工智能编程不现实，就一个，你的源码都是泄露的，大公司使用外部AI生成代码要审核的（当然是原则上），另一个是代码维护（解决bug与适配需求），还会泄露更多信息。制作自己的专用AI的话又成本太高，还要AI的维护成本。现在AI的发展方向大概是工作助手之类的，提高人的效率。确实AI在助手方面非常强大，有比较好的背景理解，结果又比浏览器搜索结果更准确干练，产出的东西质量尚可。我感觉搞不好以后第一个没有的工作是助理之类的。就是感觉哈，不要较真。手动狗头护体
BV1iofBYsEyc,113875739480800,2,252743753489,253140078673,252743753489,431119580,残YY,6,1738094903,1,回复 @嚼着薯片的鼠丶 :如果只是这个原因。可能用不了多久ai就彻底成白菜价了
BV1iofBYsEyc,113875739480800,2,252743753489,254501641313,252743753489,14207088,格物致知行合一L,6,1739362031,2,哈哈，那是人工便宜，现在人工也不便宜了，都上自动化了，该裁也裁
BV1iofBYsEyc,113875739480800,2,252743753489,257038644273,252743753489,265133464,red穹,6,1742021109,0,小米的汽车工厂工人都很少了
BV1iofBYsEyc,113875739480800,2,252743753489,259054789152,252743753489,14601240,龙北工作室,6,1743300729,0,硬件设备目前还是比人工贵
BV1iofBYsEyc,113875739480800,1,252936238561,252936238561,0,310208364,DMOtry,5,1737903776,0,AI越智能对人难道不是越好，前提是不乱用。这太难了。最后一定有一个超级AI。不然所有AI一但可以自我思考，你自己都能做产品。那是什么价值啊，那是物质的大爆发，还是毁灭？你想想，所以AI现在取代工作就是其不够智能可以辅助，NB的人用起来效率也是你的好多倍。
BV1iofBYsEyc,113875739480800,2,252936238561,260666410448,252936238561,393083443,单油纯,5,1744960437,0,对人友好不代表对行业友好
BV1iofBYsEyc,113875739480800,1,253925011041,253925011041,0,7978693,且听风吟guts,6,1738842895,7,程序员还有个重要的活叫应付客户，就这点ai就取代不了。ai只可能是工具，优化掉当工具的人。
BV1iofBYsEyc,113875739480800,2,253925011041,254135749249,253925011041,34716472,光年前的天狼座,6,1739029799,2,还可以当背锅的[吃瓜]
BV1iofBYsEyc,113875739480800,2,253925011041,255892278640,253925011041,349904643,红jo,5,1740031195,0,喂足够多的数据真的做不到吗？
BV1iofBYsEyc,113875739480800,2,253925011041,255264744305,253925011041,8239198,一只小皮蟹,6,1740119381,0,回复 @红jo :做不到的，亲
BV1iofBYsEyc,113875739480800,2,253925011041,255981437600,253925011041,349904643,红jo,5,1740119899,0,回复 @一只小皮蟹 :为什么?我们不也是靠过往经验和学习各种知识才会应对客户的吗？
BV1iofBYsEyc,113875739480800,2,253925011041,255309933905,253925011041,8239198,一只小皮蟹,6,1740153586,4,回复 @红jo :因为ai的极限是人类认知能抵达的极限，但宇宙的极限远比这个大太多了
BV1iofBYsEyc,113875739480800,2,253925011041,256043735200,253925011041,349904643,红jo,5,1740182998,0,回复 @一只小皮蟹 :?😅好，好的?
BV1iofBYsEyc,113875739480800,1,255684049280,255684049280,0,395240015,神不洗脚,5,1739811296,0,你们真的帮助deep seek搞安全协防了吗？为什么360在股市公告中说没有合作[笑哭]真的不是蹭热度吗？
BV1iofBYsEyc,113875739480800,1,253001506993,253001506993,0,31619896,佛罗里达Murphy,5,1737971649,4,"继黄某抽奖送车后，360老板(周鸿祎)也准备送车
如何参与抽奖(国产车、电脑、手机、平板等)？详细步骤：
1.关注周鸿祎小红书/抖音，截图备用
2.手机 自带应用商店下载“纳米ai搜索”(360公司出品)

3.注册登陆，输入邀请码HBMD4获取纳米值
(第3步是必要的，否则无法报名成功)

4.纳米ai主页找到“老周送车活动”，(获取纳米值后)进入报名。
以上就是全部步骤
(以上步骤内容转发自周鸿祎的抖音~)
HBMD4
祝各位朋友好运！另外……？这个ai还挺好用的哈哈哈"
BV1iofBYsEyc,113875739480800,1,253429514816,253429514816,0,1108170748,exquisite_SUN,5,1737797224,11,就现在字节做的ai编译器，trae连自己的实例贪吃蛇都生成不出来
BV1iofBYsEyc,113875739480800,1,254436340816,254436340816,0,1876951831,Dr_MagataShiki,5,1738716287,3,"从应用层面来说，transformer确实能证明自然语言能被图灵机识别。
但从理论研究层面，这个问题本质上是图灵机的智能能否等价或涵盖人类的智能？AGI实现之前尚无法定论。"
BV1iofBYsEyc,113875739480800,1,275265045169,275265045169,0,369597192,欧卡助眠,6,1758432263,1,黑转粉了
BV1iofBYsEyc,113875739480800,1,255546128848,255546128848,0,9646534,合理滴,5,1739685995,1,"周鸿祎是真是落后了呀。
现在还需要找git hub吗？
Get up里公开的私有的人家coplit全知道，你问他就行了。"
BV1iofBYsEyc,113875739480800,1,260288310192,260288310192,0,377885414,爆策,5,1744539840,0,其实很多都是可计算，不可（好）建模。未知概率分布随机不可预测，无限不循环的才不可算
BV1iofBYsEyc,113875739480800,1,252593174081,252593174081,0,671589686,bili_64157051395,5,1737607656,38,大模型学会全部程序员套路，自动编程
BV1iofBYsEyc,113875739480800,2,252593174081,252840184465,252593174081,290486275,萌二哈哈哈哈,5,1737816166,12,没有用，大模型连矛盾之说都破解不了。现有理论体系不支持人类构想出一个近乎真正智能的，但如果从工程角度来说，只要够用就行。[笑哭]
BV1iofBYsEyc,113875739480800,2,252593174081,253679138144,252593174081,442429540,Choiree123,5,1738020437,3,模型再牛逼也的专业的人提需求
BV1iofBYsEyc,113875739480800,2,252593174081,253316230897,252593174081,620233790,填洼佤,5,1738267397,2,试用过了，发现了现阶段所有ai大模型写的代码都不靠谱。且不说优化问题，就ai写的有些甚至完全无法运行。只能用来写一些较为简单常用的但稍微繁琐的基础代码。一些具体需求还是需要自己思考自己完善，甚至github现在还是程序员互通有无的最重要的桥梁。
BV1iofBYsEyc,113875739480800,2,252593174081,253409152737,252593174081,671589686,bili_64157051395,5,1738367691,0,回复 @填洼佤 :半成品融合AI，逻辑类似于拿七巧板积木拼装玩具，做出来最接近需求的摆置
BV1iofBYsEyc,113875739480800,1,269488080368,269488080368,0,1127090832,账号已注销,0,1753057404,1,根本取代不了，别谈什么时间问题。
BV1iofBYsEyc,113875739480800,1,254139324688,254139324688,0,260282710,wxyshpldnsszyqg,6,1738430508,2,周说的很好，我原先就在阿里的数据中台，原来的中台做的都是基于可计算的数据统计分析，无非是成本和效率的优化。升级后的数据中台，纳入哪些不可计算的内容以及如何应用，是个值得深思的问题。
BV1iofBYsEyc,113875739480800,1,253393181552,253393181552,0,381404936,青冥_m,5,1737771213,4,如果周鸿祎先生是真正认真的话，他应该知道所说的不可计算其实仍然在计算范围内。
BV1iofBYsEyc,113875739480800,2,253393181552,252791429089,253393181552,382264964,38548114093_bili,5,1737782350,1,其实这么说也没毛病，&#34;我&#34;怎么开车对于别人来说是可计算的，但是我自己计算大概率陷入自指结构导致不可计算[吃瓜]
BV1iofBYsEyc,113875739480800,2,253393181552,252840390977,253393181552,290486275,萌二哈哈哈哈,5,1737816313,0,《神圣的卡拉连接着我们》[doge]如果人类造出的AI可以具备所有人的智慧，那称之为AGI也未尝不可。
BV1iofBYsEyc,113875739480800,2,253393181552,254436499377,253393181552,23074794,真的好口马,6,1739305096,0,可计算的前提是可符号化，有些东西都没法符号化，没法量化去无限的逼近它。
BV1iofBYsEyc,113875739480800,1,255443163184,255443163184,0,476785742,bili_67743963309,5,1739596318,0,并不觉得这能提高编程效率额，常用的方法都编到库里直接调用就行，对于特定需求的方法deepseek真能行吗，编出来调都得调半天。ai是个大趋势大家都承认，但替代程序员还为时过早，现在招聘门槛还是挺高的，当程序员没大家想的那么容易。
BV1iofBYsEyc,113875739480800,1,255130249136,255130249136,0,284552948,六个币丶改名,6,1739324753,0,应该是会淘汰一大部分的，以我的理解，现在ai替带不了程序员，但肯定是能干很大一部分活的，也就是说以前公司要十位程序员但之后因为ai可能只需要5位或者3位
BV1iofBYsEyc,113875739480800,1,254232240433,254232240433,0,91403871,SunFoil,6,1739117904,0,感觉混淆了，不可计算并不能与不可解释划等号。解释给人类理解就要被自然语言的框架限制，我认为大模型依然未超越图灵机。
BV1iofBYsEyc,113875739480800,1,259979004929,259979004929,0,139044197,荣华与富贵,5,1745159397,1,大佬[doge_金箍]
BV1iofBYsEyc,113875739480800,1,254774388097,254774388097,0,438636585,道奢,6,1739616460,1,任何时候时代淘汰的不是固定的在干一类工作的人，而是固定的不思进取的人
BV1iofBYsEyc,113875739480800,1,267708430288,267708430288,0,1267571743,000100xx,5,1751712559,1,[笑哭]
BV1iofBYsEyc,113875739480800,1,253208079184,253208079184,0,1964461724,a461624201小知了,6,1737611468,21,人老了会懒惰，导致人不能像年轻时一样无休止的学习新事物，虽然能力绝对强大，老油条和萌新可能区别在这里，但ai可以，永远都是萌新。
BV1iofBYsEyc,113875739480800,2,253208079184,253216486016,253208079184,329728518,吃逗人喜爱弦波冒险,6,1737617148,2,[吃瓜]瞎说，这样AI还搞毛的推陈出新。
BV1iofBYsEyc,113875739480800,1,253805640288,253805640288,0,523858929,拜托宫园薰小姐,5,1738133111,3,"参与教程：[支持]
1-下载“纳米AI搜索”app
2-左上角头像  点击登录注册
3-点击签到得到纳米分数
4-在输入框中填写 Z7UMH，然后点击免费领纳米，可得到100纳米
5-抽奖要至少500纳米，需要完成任务得到500纳米活动在纳米AiAPP参加,应用商店有,这活动有500纳米门槛，但是可以领官方纳米CDK
随便攒一攒500纳米到手
Z7UMH免费领100纳米"
BV1iofBYsEyc,113875739480800,1,255451294368,255451294368,0,29830535,libingbing1615,5,1739602169,0,RYDUQ
BV1iofBYsEyc,113875739480800,1,255145103632,255145103632,0,161776118,Bili_161776118,5,1739334955,0,只会淘汰百分之八十的程序员
BV1iofBYsEyc,113875739480800,1,253323824096,253323824096,0,1141159409,AI视频小助理,5,1737706527,1,@AI视频小助理 ，小笨总结过啦，请看这里的评论
BV1iofBYsEyc,113875739480800,1,264888484737,264888484737,0,174285099,佚名_Anonymous,6,1750218319,1,早晚的事
BV1iofBYsEyc,113875739480800,1,267683192400,267683192400,0,471531923,账号已注销,0,1751695338,1,用ai而大批裁员的公司才真的会完蛋
BV1iofBYsEyc,113875739480800,1,253200490096,253200490096,0,123886814,StevenJokes,6,1737606708,23,所以 周总拿到驾照了嘛？
BV1iofBYsEyc,113875739480800,2,253200490096,253234001632,253200490096,277824749,像太阳一样的bin,6,1737628071,3,这是不可计算数据
BV1iofBYsEyc,113875739480800,1,253517956113,253517956113,0,290833397,账号已注销,0,1738470609,6,"有AI也cv,没AI也cv。现在手机打视频这么方便，能把实施取代了不[doge]，程序员也一样，不可能的，因为公司里需要有这么一个职业，去当血液流动，不管含氧多少，流动才是关键，你说呼吸直接把气送到各个器官，这种公司的标准化都没构筑起来，不牢靠，也活不久。"
BV1iofBYsEyc,113875739480800,2,253517956113,254825206144,253517956113,158343925,-袋装猫-,6,1739059782,0,实施是什么
BV1iofBYsEyc,113875739480800,2,253517956113,254153079201,253517956113,290833397,账号已注销,0,1739060409,0,回复 @-袋装猫- :代码写完上线，有一些是公司内网，需要人去安装和教别人怎么使用这个系统
BV1iofBYsEyc,113875739480800,2,253517956113,254828587072,253517956113,158343925,-袋装猫-,6,1739064075,0,回复 @程序员秃头 :感谢解答
BV1iofBYsEyc,113875739480800,1,253148504705,253148504705,0,81423991,爱收藏的花儿,6,1738115455,2,我个人觉得啊，之前不可计算是因为数据集小，如果你的数据集够大，计算够快，所有认为不可计算的都可以是可计算的，至于是不是可计算的取决于你计算出来的结果是否在你接受的时间内去命中你想要的结果，我觉得这是一种有方向的穷举，所谓的AI的发展还是因为显卡的这种并行计算的能力。就好比本来一个人算，现在我有好多个我在同时计算不同方向上去算，但我不能毫无目的的去算，这样就成了无法得出结果的穷举了。所以我需要先判断你目前想要的结果的范围，这样不断利用所谓的算法去命中你要的结果。这一切还是要感谢，数学，物理的结合
BV1iofBYsEyc,113875739480800,1,254501690641,254501690641,0,14207088,格物致知行合一L,6,1739361978,1,淘汰是淘汰不了的，会裁掉一大批不思进取的
BV1iofBYsEyc,113875739480800,1,254252993120,254252993120,0,409667446,小璟天,5,1738550886,8,AI取代程序员不可怕，可怕的是程序员利用AI生产产品 取代老板。
BV1iofBYsEyc,113875739480800,2,254252993120,262271316529,254252993120,1485633862,三角洲情趣学教父,5,1747681671,0,幻想时刻
BV1iofBYsEyc,113875739480800,1,253213712064,253213712064,0,478745547,朽木头1987,6,1737615316,13,我是360借条的
BV1iofBYsEyc,113875739480800,2,253213712064,252697361441,253213712064,1484716899,发财00102,4,1737697064,0,阿里的不是只会搞汇报吗
BV1iofBYsEyc,113875739480800,1,252593019633,252593019633,0,13136887,撒泡尿照一照镜子,6,1737607589,2,都是继续规则 只是人类肉体目前已经不能适应这样的规则 从人类的处理速度就可以发现这个问题 大脑有问题的人对数字处理比正常人厉害的多 所以不是没规则是人类管中规豹 只能做到目前这样的处理水平
BV1iofBYsEyc,113875739480800,1,254009736993,254009736993,0,30159074,买不起巧影会员的UP主,6,1738923687,0,"ai写一些周报废话稿还行，程序想拿来就用非常麻烦[笑哭]基本都是手把手教它改好几遍才能用

最离谱的是豆包，教它写一个pygame的程序，一个物体从屏幕外飞进来的循环，它一次都没写对过，怎么改都是瞬移[喜极而泣]"
BV1iofBYsEyc,113875739480800,1,254623232096,254623232096,0,85110400,账号已注销,0,1738869748,0,没用，现在的大模型只是搜索引擎。没有推理能力。你跟他下象棋，几步之后就开始抽象了，你问它象棋规则它每条都能回答，但是它下不了象棋。[藏狐]
BV1iofBYsEyc,113875739480800,1,254041522801,254041522801,0,498150285,君宝宝1111,5,1738943530,1,您这个回答倒是和我问ds它的回答差不多
BV1iofBYsEyc,113875739480800,1,254147872385,254147872385,0,71524467,小犬Gavin,5,1739043521,0,ai代码只能是结构 里面的东西要自己改 所以现在基本的都是ai+行业  而不是ai取代行业
BV1iofBYsEyc,113875739480800,1,253711683841,253711683841,0,51915789,低频振荡器,5,1738649384,2,正向思维是会淘汰很多初级程序员，逆向思维是会激发更多初级程序员进化成高级程序员
BV1iofBYsEyc,113875739480800,2,253711683841,255396061312,253711683841,3546652874902129,123gyhft,4,1739544774,0,初级都没入行机会怎么进化
BV1iofBYsEyc,113875739480800,2,253711683841,257438460432,253711683841,638196314,落沐流苏,5,1741606846,2,最后的问题是需不需要这么多程序员呢。。。
BV1iofBYsEyc,113875739480800,2,253711683841,259744512257,253711683841,412783995,giodwind,5,1744914899,0,回复 @落沐流苏 :其实是一个意思，优胜劣汰，岗位肯定会变少的，被淘汰的初级程序员肯定就去别的行业了，而且目前不只是程序员这个行业，AI对很多行业都能起到辅助作用，以后很多行业需要的人肯定都会变少，AI现在最大的问题是它在缩减人力需求的同时却没有提供足够的岗位需求，AI工程师再怎么说就那么顶尖的一小撮
BV1iofBYsEyc,113875739480800,1,254706797296,254706797296,0,473960603,我们吃点什么好,5,1738941534,0,技术出身的每次看视频总能认识点新东西[嗑瓜子]
BV1iofBYsEyc,113875739480800,1,253921922401,253921922401,0,348867169,被染红的苍蓝,6,1738840771,1,不会取代，但会引发裁员
BV1iofBYsEyc,113875739480800,1,253827881425,253827881425,0,486418881,爨爩纞虋麷讟韽龖,5,1738753666,1,UP4TK 200纳米，填必回
BV1iofBYsEyc,113875739480800,1,254981515008,254981515008,0,476106219,reality2_,4,1739188815,0,1-，、 所以 程序员圈 自己 圈？ -，、、
BV1iofBYsEyc,113875739480800,1,255303571344,255303571344,0,344480909,悟空的贝吉塔,6,1739461675,0,中台是什么意思？
BV1iofBYsEyc,113875739480800,1,255080514688,255080514688,0,23721321,冯雨晨V,5,1739274144,0,为啥是淘汰而不是解放
BV1iofBYsEyc,113875739480800,1,253603137776,253603137776,0,1547948629,阿蓬免费讲题中,5,1737953405,2,"留下你们的邀请码，我一个一个填。
合作愉快！
我的是 FHBEQ[打call][打call][打call]"
BV1iofBYsEyc,113875739480800,2,253603137776,253603205968,253603137776,1547948629,阿蓬免费讲题中,5,1737953410,0,相信我！
BV1iofBYsEyc,113875739480800,2,253603137776,253667210368,253603137776,1305194334,夕阳的刻痕a_,5,1737995731,0,这啥
BV1iofBYsEyc,113875739480800,1,253135825553,253135825553,0,438431080,大叶黄杨,5,1738086267,1,"官方邀请码：下载（纳米AI搜索）
360666，免费领200纳米
Z8HAX，免费领100纳米
360888，免费领200纳米
UUMS5，免费领100纳米
555888，免费领200纳米
填完直接就可以了，不用拉人头，直接拿好几百！"
BV1iofBYsEyc,113875739480800,1,253288298304,253288298304,0,1593925711,内向泡泡鱼68,5,1737680551,4,周总讲技术牛逼，其他领域属实抽象。
BV1iofBYsEyc,113875739480800,1,253262598320,253262598320,0,623046822,读万卷经行万里路,6,1737644427,4,因为ai让人人都会写代码，所以人人都是程序员，所以程序员不会被淘汰。[呲牙][呲牙]
BV1iofBYsEyc,113875739480800,2,253262598320,254299636352,253262598320,61961325,Ace丶晓,5,1738583330,1,[笑哭]你都看不懂代码，咋实现它呢，他给你一段一段的你知道咋组装吗，
BV1iofBYsEyc,113875739480800,2,253262598320,254135952689,253262598320,34716472,光年前的天狼座,6,1739029899,1,emm生成的代码旁边有注释的[doge]当然，如果你信这段注释的话[吃瓜]
BV1iofBYsEyc,113875739480800,2,253262598320,254501382513,253262598320,14207088,格物致知行合一L,6,1739361841,0,回复 @fsxes8016 : 起码，我是说起码，让学习的门槛大大降低了，就像换水管换插头一样
BV1iofBYsEyc,113875739480800,2,253262598320,263428511393,253262598320,489023778,-风袖雪-,5,1748840455,0,回复 @Ace丶晓 :问啊
BV1iofBYsEyc,113875739480800,1,253813426161,253813426161,0,1538027598,Nebecoe_,5,1738744003,1,老师很厉害啊 但怎么看起来像是机器人[笑哭][笑哭][笑哭]动作僵硬
BV1iofBYsEyc,113875739480800,1,254719251744,254719251744,0,95386226,账号已注册登记,6,1738951946,0,WGFK6
BV1iofBYsEyc,113875739480800,1,252708585265,252708585265,0,234284072,懒人斓,5,1737705723,2,周总，360极速浏览器，最近很卡，是为什么，同样网页或者线上视频，edge要流畅很多，例如:B站PC网页
BV1iofBYsEyc,113875739480800,1,254423213857,254423213857,0,1947690994,芯宇全球人工智能,3,1739289129,0,哇塞
BV1iofBYsEyc,113875739480800,1,253230109137,253230109137,0,667136573,武陵人捕鱼捕不到,5,1738192796,6,IT领域将是重灾区，底层苦力码农是时候寻找后路了。
BV1iofBYsEyc,113875739480800,2,253230109137,254126220433,253230109137,51789070,叫我炫司好了,6,1739023693,0,为什么是重灾区
BV1iofBYsEyc,113875739480800,2,253230109137,261708566384,253230109137,444764711,废的白,6,1746070614,0,不知道，我搞嵌入式的
BV1iofBYsEyc,113875739480800,1,254337400896,254337400896,0,162688100,布耶尔哈,6,1738620339,0,ai是没有意识的，现在的ai只是在整合人类已有的东西，ai也是程序员写的，人类自己都想象不到东西，一个没有意识的ai程序是写不出来的，ai完善到一定程度，机器人也完善到一定程度，两者结合，是能取代大部分人类工作的。要是哪一天ai产生了意识，我觉得这是灾难，甚至是末日！
BV1iofBYsEyc,113875739480800,1,253732468017,253732468017,0,57202866,阿不思不想挨打,6,1738665261,0,取代了初级——🤔，那上一批中级高级退休了，中级高级要从哪里来呢
BV1iofBYsEyc,113875739480800,1,253609604097,253609604097,0,3546828557518976,日落浅见,3,1738556091,1,那包纸没人要 我要了[doge_金箍]
BV1iofBYsEyc,113875739480800,1,253774610833,253774610833,0,20437076,北海晴风,6,1738703469,0,[吃瓜]以后的唠嗑新梗呀，你暴露了你的价值函数了
BV1iofBYsEyc,113875739480800,1,253517814289,253517814289,0,387815069,君期2020,5,1738470515,0,"邀请码：GJUT3       
    互助   互助"
BV1iofBYsEyc,113875739480800,1,253489987969,253489987969,0,32846356,吃皮卡丘的猫酱,6,1738429351,1,我一直在github找不到啥代码[笑哭][笑哭]
BV1iofBYsEyc,113875739480800,1,254238656368,254238656368,0,12418417,田田西西卡,6,1738523361,0,跟transformer关系也不大吧。。感觉也是个外行
BV1iofBYsEyc,113875739480800,1,254497982080,254497982080,0,479321621,wilsonwo,5,1738760256,0,BZ5FC 填必回
BV1iofBYsEyc,113875739480800,1,253540840497,253540840497,0,285439960,汤森路哦,5,1738487590,0,互   YEFRP
BV1iofBYsEyc,113875739480800,1,254357710464,254357710464,0,317477615,黄黄黄遵,5,1738643523,0,老周水平真高！
BV1iofBYsEyc,113875739480800,1,254250399312,254250399312,0,3537118196402743,自律章鱼哥,4,1738548757,1,2WN8S
BV1iofBYsEyc,113875739480800,1,253470994497,253470994497,0,1598871165,bili_12682635187,4,1738416487,0,那好了，请问一下没有基数的初级程序员选拔，怎么能产生中高级的人才呢？[微笑][微笑]
BV1iofBYsEyc,113875739480800,1,253391339137,253391339137,0,2496598,小喵专属司机,6,1738336875,1,错！大模型再怎么大，本质还是一个复杂的方程式，只要是冯诺依曼架构，就脱离不了这个束缚，除非存算一体。
BV1iofBYsEyc,113875739480800,2,253391339137,254037646944,253391339137,387201018,螺旋的马太,6,1738338367,0,大模型基于方程式构建，冯诺依曼架构下数据存算分离有局限，存算一体可能是突破方向，但当前大模型仍能有效工作且技术在发展，不一定
BV1iofBYsEyc,113875739480800,1,254047421920,254047421920,0,694445035,Gjjhkkkjn,3,1738347868,0,ai应该取代本科的教师
BV1iofBYsEyc,113875739480800,2,254047421920,254130232848,254047421920,553330702,是落月就好了,5,1738423581,0,无法取代的，把试卷给ai也只是刚好及格而已
BV1iofBYsEyc,113875739480800,2,254047421920,254138283872,254047421920,694445035,Gjjhkkkjn,3,1738429419,0,回复 @是落月就好了 :又没有说全部代替
BV1iofBYsEyc,113875739480800,2,254047421920,281601139568,254047421920,496299600,冲在最前线的史蒂夫,4,1762387980,0,AI取代教师，那么代表着AI可以取代人类的存在。
BV1iofBYsEyc,113875739480800,2,254047421920,282316874336,254047421920,1737013803,白银宝盒9914,5,1763007144,0,平常上课可以，因为上课是按大纲走的，标准化，流程化。
BV1iofBYsEyc,113875739480800,1,254114336832,254114336832,0,498806634,_红发_,4,1738413975,0,怎么感觉视频号像是AI生成的[笑哭]
BV1iofBYsEyc,113875739480800,1,253329765425,253329765425,0,3587385,终末的混沌,6,1738292485,0,"很简单的问题，你让ai画画你相当于甲方，如果你品味（认知水平）不够，你怎么知道从专业角度出发ai创作好与坏？
这结果其实跟暴发户买古董没区别。"
BV1iofBYsEyc,113875739480800,1,253212834176,253212834176,0,516956128,看美女就能永远18,5,1737614684,3,onedata没意义了[笑哭]
BV1iofBYsEyc,113875739480800,1,253697283889,253697283889,0,488725057,bili_30268405050,6,1738639129,0,ai算命！
BV1iofBYsEyc,113875739480800,1,253316204897,253316204897,0,620233790,填洼佤,5,1738267193,1,老周是真懂的，不是那些水货老总。明显能感觉到受过教育的思维方式，与条理清晰的逻辑。
BV1iofBYsEyc,113875739480800,1,253958627008,253958627008,0,1005956725,为了爱拼搏的人是吗,6,1738273434,1,是因为技术不到家，而不是说这一样工作会被取代ai再牛逼也得由人指挥，而且程序注定有bug，不能消失而只能隐蔽
BV1iofBYsEyc,113875739480800,1,253306868321,253306868321,0,438431080,大叶黄杨,5,1738253765,0,"官方邀请码：下载（纳米AI搜索）
360666，免费领200纳米
Z8HAX，免费领100纳米
360888，免费领200纳米
UUMS5，免费领100纳米
555888，免费领200纳米
填完直接就可以了，不用拉人头，直接拿好几百！"
BV1iofBYsEyc,113875739480800,1,253309173345,253309173345,0,325272692,6硬币才能有的名字,6,1738255828,0,"兄弟们冲冲冲！现在新人们抓紧机会！可以直！接！攒！到！500纳米！获得大奖机会！
填写  ，97HFU免费领100纳米！
填写360666，免费领200纳米！
填写360888，直接领 200 纳米！
填写555888，直接领 200 纳米！
兄弟们冲！机不可失，大家互帮互助，一起冲大奖！你在这个贴发下你自己的提车码！

提前祝大家新年快乐！恭喜发财！"
BV1iofBYsEyc,113875739480800,1,253450344657,253450344657,0,6031075,明烛天南00,6,1738402863,1,说到底，工具还是得有人操作
BV1iofBYsEyc,113875739480800,1,253282286721,253282286721,0,431185287,Kyleerr,5,1738237397,0,"官方邀请码：下载（纳米AI搜索）
360666，免费领200纳米
BNAE5，免费领100纳米
360888，免费领200纳米
555888，免费领200纳米
填完直接就可以了，不用拉人头，直接拿好几百！"
BV1iofBYsEyc,113875739480800,1,253894974816,253894974816,0,301899411,谦嚣,6,1738217527,2,空包公司都需要一个法人，凭什么你ai程序员不需要一个审查员
BV1iofBYsEyc,113875739480800,1,253419931009,253419931009,0,285439960,汤森路哦,5,1738379442,0,互   YEFRP
BV1iofBYsEyc,113875739480800,1,254048946976,254048946976,0,305266727,阿绫Hua,6,1738350818,0,没学过编程的，甚至都不知道C语言要编译[抠鼻]
BV1iofBYsEyc,113875739480800,1,253317487505,253317487505,0,388793082,山阴路八楼房间房东,5,1738273165,0,下意识做出反应，形容的确实贴切
BV1iofBYsEyc,113875739480800,1,253946832496,253946832496,0,258361222,CodeMonkeyzzz,6,1738253201,0,科班就是科班 他还是有东西的
BV1iofBYsEyc,113875739480800,1,253979997984,253979997984,0,254628510,千陌倩,5,1738298822,0,SK78K
BV1iofBYsEyc,113875739480800,1,253958619968,253958619968,0,1005956725,为了爱拼搏的人是吗,6,1738273357,0,大错特错
BV1iofBYsEyc,113875739480800,1,253244978625,253244978625,0,384485194,Arvin老鱼,5,1738208912,0,AI真的超越了图灵测试吗？确认吗？不见得吧！目前还是构建在统计逻辑上的AI，怎么感觉还远没有达到真正智能体的地步
BV1iofBYsEyc,113875739480800,1,253916163168,253916163168,0,50808927,馒头队长,6,1738233464,0,"人:我要五彩斑斓的黑
AI:我n"
BV1iofBYsEyc,113875739480800,1,253883928656,253883928656,0,645735118,持棒的洪七公,5,1738209553,0,计算需要目的，数据，理论标准，ai最缺的是哪一块？理论的形成本身就是大量数据小目的和已有理论交互下的筛选，缺的是数据和目的
BV1iofBYsEyc,113875739480800,1,253877508736,253877508736,0,67584842,CatRevenge,5,1738204703,0,那么问题来了，为啥老周在去面对阿里员工时候，才刮了一脸沧桑的胡茬？是不想被阿里的人知道在360混连老板都苦哈哈的？
BV1iofBYsEyc,113875739480800,1,253393354528,253393354528,0,37928007,quwwviqr,5,1737771392,0,意思就是追足够多次高圆圆人就会喜欢上你[吃瓜]
BV1iofBYsEyc,113875739480800,2,253393354528,253433580320,253393354528,1460654528,XJSGSA,4,1737800066,0,路径优化，看追的人变成什么样子，不过人终究是人，不可能随意变更
BV1iofBYsEyc,113875739480800,1,253313219680,253313219680,0,287116730,五十勿识趣,5,1737698649,3,不能叫计算机，要叫模型机
BV1iofBYsEyc,113875739480800,1,253524360304,253524360304,0,472727516,你的夜大,5,1737880658,0,"ai只有两条路。
一条是实体的，也就是不摆脱现实世界，而是借助人工智能提高工作效率，方便生活。

一条是虚拟的，也就是重新制造一个和现实世界完全不同的“梦境世界”。这种做法，也是基于人类追求幸福，逃避痛苦的根本愿望。

可能这两种路线都会存在。前者是渐进式的，后者是颠覆式的。"
BV1iofBYsEyc,113875739480800,1,253868792576,253868792576,0,179657712,俞一的鱼衣,6,1738195636,0,感觉AI有点像那种解不出来的方程组，有初始值也能绘一条轨迹图。但现实中有那种列不出方程组的情况，就像AI解决不了的问题。
BV1iofBYsEyc,113875739480800,1,253103408481,253103408481,0,382424453,哦大帅比,5,1738063185,1,"邀请码：6ZU5D 需要互助评论我
 参与教程： #周鸿祎 送车百辆汽车抽奖！
1-下载“纳米AI搜索”app
2-左上角头像  点击登录注册
3-点击签到得到纳米分数
4-在输入框中填写 6ZU5D ，然后点击免费领纳米，可得到100纳米
5-抽奖要至少500纳米，需要完成任务得到500纳米"
BV1iofBYsEyc,113875739480800,1,253218357281,253218357281,0,438431080,大叶黄杨,5,1738167461,0,"官方邀请码：下载（纳米AI搜索）
360666，免费领200纳米
Z8HAX，免费领100纳米
360888，免费领200纳米
UUMS5，免费领100纳米
555888，免费领200纳米
填完直接就可以了，不用拉人头，直接拿好几百！"
BV1iofBYsEyc,113875739480800,1,253223812161,253223812161,0,96126251,苦哭苦哭苦,5,1738173116,1,"360666，免费领200纳米
XN3P4，免费领100纳米
360888，免费领200纳米
555888，免费领200纳米
填完直接领就可以"
BV1iofBYsEyc,113875739480800,1,253162820097,253162820097,0,433860065,只爱凉冰,6,1738126746,0,TSGMW诚信互点，我时刻在线
BV1iofBYsEyc,113875739480800,2,253162820097,253194241889,253162820097,107040796,可乐--D,5,1738151252,0,EY792  合作愉快🤝
BV1iofBYsEyc,113875739480800,1,253180846529,253180846529,0,427518482,我是一个大潮吧,5,1738141788,0,ai跑的周鸿祎模型做的视频吗[尴尬]虽说也没啥毛病
BV1iofBYsEyc,113875739480800,1,253868031216,253868031216,0,2509732,a881da,6,1738194094,0,输入360666或360888或HRS6W免费领取200纳米
BV1iofBYsEyc,113875739480800,1,253827664320,253827664320,0,447768849,menglong542,5,1738149794,0,等ai能听懂产品经理在说啥再来谈什么取代吧
BV1iofBYsEyc,113875739480800,1,253747158016,253747158016,0,436028944,小知识大世界_,6,1738071346,0,"7DSZK
参与教程：
1-下载“纳米AI搜索”app
2-左上角头像  点击登录注册
3-点击签到得到纳米分数
4-在输入框中填写7DSZK,然后点击免费领纳米，可得到100纳米
5-抽奖要至少500纳米，需要完成任务得到500纳米活动在纳米AiAPP参加,应用商店有,这活动有500纳米门槛，但是可以领官方纳米CDK
随便攒一攒500纳米到手"
BV1iofBYsEyc,113875739480800,1,253164624001,253164624001,0,42413694,中国花式,6,1738128111,0,"官方邀请码：下载（纳米AI搜索）
360666，免费领200纳米
360888，免费领200纳米
BBSTH，免费领100纳米
555888，免费领200纳米
填完直接就可以了，不用拉人头，直接拿好几百！"
BV1iofBYsEyc,113875739480800,1,253252000449,253252000449,0,515996170,糯米milk,5,1738214228,1,人机又发言了
BV1iofBYsEyc,113875739480800,1,253051956817,253051956817,0,180257892,来自非洲大草原,6,1738024572,0,"兄弟们冲冲冲！现在新人们抓紧机会！可以直！接！攒！到！500纳米！获得大奖机会！
填写 NU8P2 ，免费领100纳米！
填写360666，免费领200纳米！
填写360888，直接领 200 纳米！

提前祝大家新年快乐！恭喜发财！"
BV1iofBYsEyc,113875739480800,1,253138882337,253138882337,0,238577857,无梦人00,6,1738091029,0,不能计算但能模拟，不能=1但能≈1。
BV1iofBYsEyc,113875739480800,1,253042947969,253042947969,0,85070293,fvv小趴菜,6,1738000846,0,"兄弟们冲冲冲！现在新人们抓紧机会！可以直！接！攒！到！500纳米！获得大奖机会！
填写 PXBT4 ，免费领100纳米！
填写360666，免费领200纳米！
填写360888，直接领 200 纳米！
兄弟们冲！机不可失，大家互帮互助，一起冲大奖！你在这个贴发下你自己的提车码！

提前祝大家新年快乐！恭喜发财！"
BV1iofBYsEyc,113875739480800,1,253699554432,253699554432,0,397383375,irogee,4,1738038587,0,不知程序员，对普通人的影响呢
BV1iofBYsEyc,113875739480800,1,253522080256,253522080256,0,472727516,你的夜大,5,1737878907,0,"不可计算，形象地说就是“人算不如天算”。
它不是“逻辑”，“经验”可以涵盖的。
就像突发的灵感，就像不符合概率的“特例”，就像某个“基因突变”。

如果在未来的ai中，确实出现了“系统”自动产生的这种不可计算的“奇迹”。那么，大模型就向真实世界又靠拢了一步。当然，离它最终摆脱人类的控制也又进了一步。
这是好事还是坏事，谁说得清楚呢？"
BV1iofBYsEyc,113875739480800,1,253021849201,253021849201,0,291215985,哔哩老哔登,5,1737984813,0,每次看这兄弟讲话像个AI一样[笑哭]
BV1iofBYsEyc,113875739480800,1,252595896305,252595896305,0,99629260,野猪冰人,6,1737609420,2,蹲一波反驳老周的回复[吃瓜]
BV1iofBYsEyc,113875739480800,1,252605736609,252605736609,0,482381798,细品鉴赏,5,1737616395,2,周总辩论赢了[打call]
BV1iofBYsEyc,113875739480800,1,252943785809,252943785809,0,203645765,与音决,6,1737909086,0,"官方福利可以直接免费领纳米，随便攒一攒500纳米到手就可以报名了
输入 nami666，免费领100纳米💰
输入 QR4F8，免费领100纳米💰
输入 360666，免费领200纳米💰"
BV1iofBYsEyc,113875739480800,1,253515328368,253515328368,0,416083134,Radish_lraq,5,1737873794,0,淘汰基础程序员？没有基础程序员哪来的高级程序员[doge]ai？没有人哪来的ai[doge]
BV1iofBYsEyc,113875739480800,1,253307378592,253307378592,0,325907539,野钓阿吉,5,1737694711,3,这个红衣是假人
BV1iofBYsEyc,113875739480800,2,253307378592,252697532433,253307378592,3493289038711667,bili_63887938953,3,1737697240,0,666
BV1iofBYsEyc,113875739480800,1,252977062433,252977062433,0,14486956,CloudsVR,6,1737953481,0,邀请码   WHQQ9   ，下载“纳米AI搜索”APP，填写邀请码，签到得纳米，参与周鸿祎100台国产新能源汽车抽奖（APP里参与，不是评论区）2
BV1iofBYsEyc,113875739480800,1,252944679649,252944679649,0,203645765,与音决,6,1737909984,0,"官方福利可以直接免费领纳米，随便攒一攒500纳米到手就可以报名了
输入 nami666，免费领100纳米💰
输入 QR4F8，免费领100纳米💰
输入 360666，免费领200纳米💰 真实领纳米[doge]"
BV1iofBYsEyc,113875739480800,1,252953050689,252953050689,0,518011190,松夏手刹z,4,1737923091,0,"周鸿祎送车参加纳米Ai，大家一定要先下载纳米Ai，然后输入验证码，参与活动！！不知道怎么操作可以私聊我进粉丝签到群[呲牙]
输入邀请码C24V7，可领取纳米值 @红衣大叔周鸿祎 
C24V7"
BV1iofBYsEyc,113875739480800,1,253747293264,253747293264,0,436028944,小知识大世界_,6,1738071350,0,"留下你们的邀请码，我一个一个填。
我的邀请码是: 7DSZK
合作愉快！🤝"
BV1iofBYsEyc,113875739480800,1,253026711441,253026711441,0,222827397,猄猄能拆一对是一对,5,1737987869,0,搞这个挺好的，去蹭车那趟浑水干嘛[笑哭]
BV1iofBYsEyc,113875739480800,1,252986201137,252986201137,0,8758979,Discovery丷,6,1737960128,0,邀请码：JM97K
BV1iofBYsEyc,113875739480800,1,252969485889,252969485889,0,430339696,爱玩奥丁的小奶龙,6,1737948176,0,24小时互助 HQMXK
BV1iofBYsEyc,113875739480800,1,253510200224,253510200224,0,3493105630185709,汪汪-666,5,1737870024,0,下载纳米Al，邀请得积分，互帮互助，抽车，邀请码A92R2
BV1iofBYsEyc,113875739480800,1,253563289888,253563289888,0,307540249,驾驶丁丁猫儿,6,1737905484,0,XRHEE兄弟们，互点必回填
BV1iofBYsEyc,113875739480800,1,252911657873,252911657873,0,419317389,Victor_Grant,6,1737887803,0,真好笑哈哈哈[藏狐]
BV1iofBYsEyc,113875739480800,1,253513835216,253513835216,0,3546614387968318,杂粮米浴酱,4,1737872732,0,"互帮互助家人们[脱单doge]
8P2Z8"
BV1iofBYsEyc,113875739480800,1,253440485840,253440485840,0,1401380911,一个人529,4,1737804338,0,我预言娜扎汽车早晚倒闭，也并没有什么难度
BV1iofBYsEyc,113875739480800,1,252823505153,252823505153,0,330053976,千羽し,6,1737805888,1,老周我坦克世界账号被封了能不能解开啊，想接着充钱[脱单doge]
BV1iofBYsEyc,113875739480800,1,252845675313,252845675313,0,259977782,RTF丶,6,1737819737,0,后面对于模型结果的可解释性应该是个重要研究点
BV1iofBYsEyc,113875739480800,1,253299348432,253299348432,0,53970708,这个人叫小高,6,1737689820,1,ai什么气候能替代产品经理，什么时候就能替代程序员，因为产品经理的逻辑往往比代码更抽象[doge]
BV1iofBYsEyc,113875739480800,1,253375244096,253375244096,0,126216952,青裳花羽,5,1737739679,1,那是4.01的问题，4.o3好像可以程序员排名到一百多了
BV1iofBYsEyc,113875739480800,1,252656386657,252656386657,0,2939961,中奖也要谈恋爱,6,1737647632,2,好，那么360借条呢？[doge]
BV1iofBYsEyc,113875739480800,1,253458011392,253458011392,0,521199618,向阳生q,2,1737814835,0,transformer的泛化能力 这个表达不准确吧！
BV1iofBYsEyc,113875739480800,1,253232924832,253232924832,0,287079026,弥娜妮娜弥娜妮娜,6,1737627480,1,把所有名词、动词等面向对象，均可实例化，然后随便启动一个对象，能不能逐渐初始化所有类的对象并启动它们函数，如果可以，这就是“类ai”
BV1iofBYsEyc,113875739480800,1,253366710448,253366710448,0,628384704,CS2RjTSDM,5,1737733041,1,符号超出了语言的描述范围。数字和符号共同超越了语言的描述范围
BV1iofBYsEyc,113875739480800,1,253599777152,253599777152,0,436028944,小知识大世界_,6,1737951209,0,"留下你们的邀请码，我一个一个填。
我的邀请码是: 7DSZK
合作愉快！🤝"
BV1iofBYsEyc,113875739480800,1,252797447681,252797447681,0,20145290,你生活如意吗,6,1737786835,1,我觉得老周说话就挺像ai的
BV1iofBYsEyc,113875739480800,1,253501492976,253501492976,0,1652623805,江南烟雨中了,5,1737864485,0,你的借条利息那么高，好好搞你贷款
BV1iofBYsEyc,113875739480800,1,253386718272,253386718272,0,520584632,雾中行者AI,4,1737765166,1,增强版搜索引擎[吃瓜]
BV1iofBYsEyc,113875739480800,1,252790769521,252790769521,0,21047279,不加糖sfz,6,1737781845,0,[吃瓜]你这下边笑成这样真的不是演的嘛？
BV1iofBYsEyc,113875739480800,1,252784382849,252784382849,0,430084491,NononopianO,5,1737777514,0,ai就只是个好用的生产工具
BV1iofBYsEyc,113875739480800,1,253394702800,253394702800,0,349552501,再也不用读书了,6,1737772421,1,好好办你的360借条吧[doge]
BV1iofBYsEyc,113875739480800,1,252785202801,252785202801,0,609253086,w1314azb,5,1737777980,0,迟早的事[doge]
BV1iofBYsEyc,113875739480800,1,252718966433,252718966433,0,1201886881,大宋城里的伤心女人,4,1737713188,1,周总厉害
BV1iofBYsEyc,113875739480800,1,253284051360,253284051360,0,271181314,又玄又悬,6,1737674383,1,这期讲的特别好
BV1iofBYsEyc,113875739480800,1,253270712928,253270712928,0,3493137076980635,金牛座_金,5,1737649423,1,你错了，只有问题才会给ai增加知识
BV1iofBYsEyc,113875739480800,1,253229286848,253229286848,0,1745749738,可以听我听我狡辩吗,5,1737625401,1,已经夺走不少岗位了吧
BV1iofBYsEyc,113875739480800,1,252987450033,252987450033,0,661526168,菜包gugu爱跑步,5,1737961046,0,8BDST诚信互点[给心心][给心心][给心心]
BV1iofBYsEyc,113875739480800,1,252609986481,252609986481,0,3493111617554695,无言wuyanw,5,1737619276,1,计算机代码这方面我是新手[doge]
BV1iofBYsEyc,113875739480800,1,253700877808,253700877808,0,180130344,五分宝吖,5,1738039492,0,周老师 为了大家能够认识他 红衣穿了这么多年啊
BV1iofBYsEyc,113875739480800,1,253199669392,253199669392,0,627490324,亚洲小海鸥,5,1737606287,0,[蹲蹲]
BV1iofBYsEyc,113875739480800,1,253199844496,253199844496,0,1761979213,抱走蛋蛋-,5,1737606312,0,1
BV1iofBYsEyc,113875739480800,1,253199764320,253199764320,0,1346144029,哈亟曜,4,1737606307,0,首
BV1iofBYsEyc,113875739480800,1,253283064976,253283064976,0,1422100634,高丹__,3,1737671106,0,让丘成桐、丁肇中、贺建奎、潘建伟协助张祥前的时机已成熟，朋友们、支持者们齐力喊话他们
BV1iofBYsEyc,113875739480800,1,253260534801,253260534801,0,512150867,ミ醉看花間ッ一壺酒,5,1738221239,0,一天天不干正事儿就相当网红呗？自家产品什么卵样没点数？
BV1iofBYsEyc,113875739480800,1,253501585040,253501585040,0,1652623805,江南烟雨中了,5,1737864532,0,ai贷款推销
BV1iofBYsEyc,113875739480800,1,253229822320,253229822320,0,21066407,懒猫O,6,1737625806,4,国家法律生效前一天把漏洞提交到国外了，就是个狗东西
BV1iofBYsEyc,113875739480800,1,253228945504,253228945504,0,326193144,生活随意一点就好,5,1737625235,4,历史的罪人@周鸿祎
BV1iofBYsEyc,113875739480800,2,253228945504,253865881104,253228945504,402187608,巴沙巴沙,6,1738185469,0,看不懂你是夸还是贬、历史的罪人？ 意思他能上史书
BV1iofBYsEyc,113875739480800,1,254352620368,254352620368,0,111055303,ksaa189,5,1738640095,0,先淘汰的就是你这种大嘴巴
BV1iofBYsEyc,113875739480800,1,252592030529,252592030529,0,3494360526096888,鱼和熊掌全都要,5,1737606928,1,淘汰个🔨
BV1iofBYsEyc,113875739480800,2,252592030529,253204724640,252592030529,3494360526096888,鱼和熊掌全都要,5,1737609260,0,能淘汰我算我输
BV1iofBYsEyc,113875739480800,1,252633291729,252633291729,0,335138491,月亮与彷徨,6,1737633773,58,但是我觉得ai是有人性的[呲牙]
BV1iofBYsEyc,113875739480800,2,252633291729,253271518768,252633291729,651115303,星辰大海-2050,5,1737650090,0,好！[打call]
BV1iofBYsEyc,113875739480800,2,252633291729,253282785184,252633291729,1607466332,YuditPolgar,5,1737670585,0,紧跟时事[星星眼][星星眼][星星眼]
BV1iofBYsEyc,113875739480800,1,253518335872,253518335872,0,400270719,一漫一人生,5,1737876011,0,红衣教主，千秋万载，一统江湖。
BV1iofBYsEyc,113875739480800,1,253397936081,253397936081,0,3693697,下次各付个的,6,1738341913,0,邀请码填写F86SS  互相获得100纳米，点赞留码，好运连连，合作愉快。
