created_at,bilibili,reddit,v2ex,zhihu
2023-02-28,0,0,0,38
2023-03-31,151,0,180,11
2023-04-30,440,0,1,0
2023-05-31,18,0,0,0
2023-06-30,7,0,0,0
2023-07-31,4,0,0,0
2023-08-31,3,0,0,35
2023-09-30,3,0,0,2
2023-10-31,1,0,0,5
2023-11-30,3,0,0,47
2023-12-31,0,0,0,2
2024-01-31,1,0,0,1
2024-02-29,1,0,0,0
2024-03-31,1,106,0,0
2024-04-30,2,2,0,0
2024-05-31,6,1,0,8
2024-06-30,31,0,0,9
2024-07-31,12,0,0,5
2024-08-31,2,0,0,1
2024-09-30,60,0,0,2
2024-10-31,135,0,0,1
2024-11-30,19,0,0,0
2024-12-31,11,0,155,2
2025-01-31,215,0,119,0
2025-02-28,129,0,268,1
2025-03-31,164,0,0,0
2025-04-30,21,0,6,0
2025-05-31,15,190,0,0
2025-06-30,16,114,0,0
2025-07-31,10,199,0,0
2025-08-31,18,4,0,2
2025-09-30,630,107,1,33
2025-10-31,150,354,0,1
2025-11-30,48,13,0,39
2025-12-31,1,1,0,0
