﻿answer_id,level,comment_id,parent_id,author_name,gender,ip_location,like_count,created_at,content
3287186640,0,0,0,喵小诚,男,,581,2023-11-13 14:48:21,"【问题】今年IT行业真的这么差吗？
【回答】
（2025年4月24日更行一下吧~）只是今年差么？举点栗子吧，坐标默认均在广州。栗子1，本人，数据主管，22年下半年疫情被公司裁员，至今只拿过一个外包的offer，后来跑去跨境创业，半死不活，每天在家看书玩游戏煲B站健身，幸好没房贷全家健康，不然估计要去跑外卖了；（现在在广州找到一个小乙方公司，虽然加班加成狗，但是好歹也是个猫粮碗，只是工资比之前低了40%）栗子2，前下属，数据工程师，22年4月离职，9月入职一个给衙门做技术外包的公司，11月衙门因为疫情没钱打给外包公司，然后外包公司把他裁员了，至今同样无业；（小老弟近日找到的花都的工作，半死不活状态）栗子3，18年的公司的半个领导and哥们，数据总监，22年8月整个部门被裁，喜提N+1，女儿刚刚好出生一个月，至今无业，B站做弹幕游戏帮补家计；（找到一个佛山的外包岗位，好处是离家近，但是今年再一次被裁员）栗子4，栗子3的老婆，数据工程师，22年10月在另一个公司辞职，至今也无业；（目前做家庭主妇）栗子5，曾经相亲过的腾讯程序媛，大前端，22年6月被裁员，结束五年在企鹅的生涯，8月接到offer开始工作，是少数能快速找到工作的。对了，她说，跟酷狗HR聊过，HR说一个前端岗位放出来，一天能收200份简历；栗子6，也是腾讯出来的大佬，数据工程师，22年初曾经想撩我去深圳参加他团队，后面23年初看到了他发的朋友圈，也在找工作；栗子7，关系很好的一个妹妹，广告公司总监，23年5月份公司引入新高管，然后被裁员，至今没找到工作；（妹妹找到工作了，只是工作强度太大，一度抑郁，最近给她分享了个家庭steam号，让她玩玩游戏，她也有个黑马骝可以玩玩，舒服一点儿）栗子8，栗子7的闺蜜，游戏公司运营，21年被裁，至今都没找到工作；（找到一个大小周的很远的工作...25年初又被裁 ）栗子9，前同事，小鹏汽车运营，被裁员，大半年之后悄悄做保险去了；（去了虎牙的说）栗子10，22年的时候的公司的前同事，数据产品经理，后来这个公司在22年10月一大波裁员（那时候的广州市海珠区，懂的都懂），100人裁剩下40人，这货目前也是无业，到处去看看创业和外快机会；（半创业，自己找找项目）栗子11，同10，产品经理，后来运气好，面试高德地图上岸；栗子12，腾讯游戏基友，运营小头目，最近有可能因为新高管入局会被N+1，每天烧高香求神庇佑。（目前还在企鹅，但是依然朝不保夕，工资被降7000，然后小头目被撸成小兵）.......真的要一个个数下去的话，估计栗子可以放上几斤；原来的数据同行群，话题从前年的技术分享，到了去年今年的找工作和吐槽同事；工作日工作时间，steam 的好友玩游戏上线提示越来越多；boss上的工作岗位不多，薪资也比去年降了很多（从20-30K变成了15-20K）面试的时候也因为报价略高被砍了很多次，麻了。
只能说吧，大家都很惨，希望大家都早点上岸吧。还有，别想着来广州卷了，这里不是家，快回头！快回头！---- 《三体》"
3287186640,1,10727743778,0,知乎用户7p8naa,女,上海,71,2023-11-14 00:57:54,大数据类基本完蛋了
3287186640,2,10728269694,10727743778,喵小诚,男,广东,60,2023-11-14 10:20:56,是，因为生产的数据越来越少，AI各种围堵，基本上很容易凉
3287186640,2,10728356449,10727743778,友人母,未知,广东,2,2023-11-14 11:39:48,我同事去 北京找工作了 广州深圳 实在找不到
3287186640,1,10737627561,0,伟伦,男,广东,20,2023-11-26 11:18:53,现在出来打工只会更加受气，工资不高，要求更高，剩下的人加班严重，从中概股腰斩环境就已经转变了，需求端不行，根本就不用那么多人。人活着关键要活得开心，自从上年主动辞职，已经通关了N个3A大作，最近入坑老头环，已经大战了140多小时还没打通，比巫师3还离谱[捂脸]
3287186640,2,10943334695,10737627561,流苏,未知,浙江,2,2024-07-25 11:41:56,确实如此，一个破岗位好几百人投递，激烈的很，前几年都没这么离谱[捂脸]
3287186640,2,11022536259,10737627561,大大大,男,上海,0,2024-10-22 11:08:46,<p>对，现在感觉只要工作就是亏，一个人干三个人的活</p>
3287186640,1,10728769247,0,此处留白,未知,广东,20,2023-11-14 15:46:09,<p>我们公司属于发展不错的了，近几年一直在招人，但是今年开始，基本都是招实习生，要不就是刚毕业没啥经验的，像主管以上的岗位，都是一个萝卜一个坑，离职一个，公司直接从内部再提拔了，很少从外面招。早前我还内推过几个人，有Java也有测试、前端。结果都PASS了。HR跟我说，你内推的人级别高了，公司给不起这个工资[捂脸]</p>
3287186640,2,10728460660,10728769247,喵小诚,男,广东,6,2023-11-14 19:04:35,[飙泪笑]是滴，之前看过一个广州某快消厂，里面一个主管和我聊得可以，但是也透露过，hr说了现在hc都冻住了，没法进
3287186640,2,10732858062,10728769247,xyz2312,男,广东,0,2023-11-20 11:39:11,<p>你们啥公司啊，想投下jian历</p>
3287186640,1,10728110916,0,中年养膘,男,北京,14,2023-11-13 20:20:45,有样本量才有说服力，无业的迟早要改行
3287186640,2,10728216181,10728110916,喵小诚,男,广东,14,2023-11-14 10:24:50,转行也难，很多行业的下行速度比互联网还差[飙泪笑]
3287186640,2,10728126344,10728110916,中年养膘,男,北京,0,2023-11-14 12:47:51,那没办法，互联网是肯定不行，只能转别的，成年人没有容易
3287186640,1,10729376228,0,海风,男,广东,12,2023-11-15 12:16:05,广州的老程序员，现在在做外包[流泪]
3287186640,1,10728350260,0,方向笔记,男,广东,12,2023-11-14 08:05:09,夫妻同为IT行业工作，风险很高。
3287186640,2,10728617617,10728350260,喵小诚,男,广东,12,2023-11-14 10:20:03,还好，就是不要同一个公司
3287186640,2,10728733723,10728350260,我对你用情极深,女,上海,2,2023-11-15 12:38:31,去年我老公被裁今年我被裁[捂脸]
3287186640,1,10730277649,0,男啵兔,女,江苏,10,2023-11-16 14:40:49,<p>前几年多风光，这几年就开始还了啊。。。总体能量守恒。</p>
3287186640,2,10729606345,10730277649,山龙湘,未知,浙江,16,2023-11-16 15:53:26,<p>这是啥理论。 gdp如果守恒，那别发展了。</p>
3287186640,2,10732555693,10730277649,知乎用户0ZFqwT,女,广东,0,2023-11-19 22:40:02,凭什么就一个写代码的就可以绑定经济？其他行业就视而不见？
3287186640,1,10728831103,0,苏嚓哈尔灿,未知,广东,9,2023-11-14 17:49:12,<p>酷狗今年也是大面积裁员，和我们对接的很多人（运营、技术）都换了一批</p>
3287186640,2,10728489474,10728831103,喵小诚,男,广东,26,2023-11-14 19:11:30,[飙泪笑]换是好事，至少还有新人，就怕原来小老弟对接，后面变主管对接，再后面总监对接或者没人对接
3287186640,2,10750081437,10728831103,Alex,男,广东,1,2023-12-12 13:35:26,可能是换一批人用人成本就低了
3287186640,1,10731785179,0,Konodioda,女,广东,8,2023-11-19 05:45:40,广州大数据基本凉凉
3287186640,1,10728625082,0,小C界的执笔,未知,广东,7,2023-11-14 13:26:45,<p>同广州去年离职的，目前在做APP创业ing，社交和小说方向的</p>
3287186640,2,10728277246,10728625082,小C界的执笔,未知,广东,7,2023-11-14 13:29:30,<p>前后端都自己搞了，还自学了产品 运营 广告投放= -</p>
3287186640,2,10728161374,10728625082,稀饭的酒馆,未知,四川,0,2023-11-14 17:27:34,<p>可以的很不错</p>
3287186640,1,10729431266,0,不贰君,未知,广东,4,2023-11-15 10:15:02,<p>坐标黄埔，纯资源型公司，项目回款巨艰难，前天通知只发广州基本工资了。。。</p>
3287186640,2,10729416856,10729431266,喵小诚,男,广东,0,2023-11-15 20:42:46,<p>摆烂吧~ 同时多点想办法搞点副业~</p>
3287186640,2,10733054316,10729431266,资深治不愈系少女,男,广东,0,2023-11-20 22:18:37,是什么行业的公司[思考]
3287186640,1,10741645854,0,橙子,男,广东,1,2023-12-01 11:19:20,<p>广州，真实</p>
3287186640,1,10905690811,0,爆炸火箭,未知,广东,1,2024-06-15 06:52:55,b站做弹幕也可以赚钱?
3287186640,1,10727891887,0,启用离线模式,男,广东,1,2023-11-14 05:30:14,数据主管到底是做啥的。。
3287186640,2,10727975798,10727891887,逆原子化,男,浙江,16,2023-11-14 09:31:58,换个顺序：主管数据[doge]
3287186640,2,10728647343,10727891887,喵小诚,男,广东,7,2023-11-14 10:19:38,看你们公司需求吧～ 一般来说就是指挥小老弟老妹，去数据分析、数据仓库中台搭建维护、数据治理之类的工作
3287186640,1,10737786604,0,论迹也论心,未知,广东,1,2023-11-26 21:57:56,数开的都这么逆天，我今年才入坑数分，直接死掉[捂脸]
3287186640,1,10729839533,0,广州Ken哥,未知,广东,1,2023-11-16 14:49:36,<p>2年前我面一个45岁的SAP老大叔，前段时间，又来了面试</p>
3287186640,2,10740250243,10729839533,张醉,女,四川,0,2023-11-29 22:17:02,[捂脸]SAP也裁员吗
3287186640,2,10740604124,10729839533,广州Ken哥,未知,广东,0,2023-11-30 09:52:05,我不知道其他公司，我们公司在招的之前
3287186640,1,10733527880,0,feemoo,未知,广东,1,2023-11-21 16:43:22,数据工程师就是sql boy么？
3287186640,2,10733935897,10733527880,dsadasdsadasdsd,未知,新加坡,0,2023-11-21 17:24:44,<p>他们这种应该就是sql boy，在大数据组件上写sql </p>
3287186640,2,10734377918,10733527880,喵小诚,男,广东,5,2023-11-22 00:21:22,广义上全数据行业都是sqlboy[飙泪笑]
3287186640,1,10728633793,0,平庸老实人,男,四川,1,2023-11-14 17:12:19,<p>谣言，我国就业形势保持基本稳定[滑稽]</p>
3287186640,2,10729542941,10728633793,你个哈锤子,男,陕西,1,2023-11-16 08:55:49,不能再就业了，所以很稳定，是吧[大笑]
3287186640,1,10727833058,0,脱缰放飞哈士奇,未知,湖北,0,2023-11-14 07:51:49,老哥现在咋样了，我从9月到现在，基本没啥offer。boss上大部分是外包，不是华为的就是银行的，待遇还不咋地，唉，今年行情真的差
3287186640,2,10728215362,10727833058,蔡梓瀚,男,广东,0,2023-11-14 10:04:47,<p>未来会更差的[大哭]</p>
3287186640,2,10728441495,10727833058,yssa,女,广东,0,2023-11-14 10:12:34,<p>别的行业也差</p>
3287186640,1,10737134330,0,山顶洞人,女,上海,0,2023-11-26 12:33:37,有没有偏业务的数分，组个群相互提升业务水平；平时网上搜，也是搜出来一堆python、算法等技术，华而不实。
3287186640,2,10737673417,10737134330,论迹也论心,未知,广东,0,2023-11-26 23:36:22,蹲个
3287186640,2,10738793911,10737134330,Sunny,女,广东,0,2023-11-27 18:38:31,蹲个
